Common Name,Scientific Name,Image URL,Freshwater,Saltwater
African jewelfish,Hemichromis bimaculatus,https://upload.wikimedia.org/wikipedia/commons/thumb/3/30/Hemichromis_bimaculatus1.jpg/120px-Hemichromis_bimaculatus1.jpg,Yes,No
African pompano,Alectis ciliaris,https://upload.wikimedia.org/wikipedia/commons/thumb/c/cb/African_pompano_Solomons_2.jpg/120px-African_pompano_Solomons_2.jpg,No,Yes
Alabama shad,Alosa alabamae,https://upload.wikimedia.org/wikipedia/commons/thumb/f/f4/FMIB_33827_Alabama_Shad.jpeg/120px-FMIB_33827_Alabama_Shad.jpeg,Yes,Yes
Alewife,Alosa pseudoharengus,https://upload.wikimedia.org/wikipedia/commons/thumb/f/fc/Alosa_pseudoharengus.jpg/120px-Alosa_pseudoharengus.jpg,Yes,Yes
Alligator gar,Atractosteus spatula,https://upload.wikimedia.org/wikipedia/commons/thumb/1/16/Alligator_Gar_10.JPG/120px-Alligator_Gar_10.JPG,Yes,No
Almaco jack,Seriola rivoliana,https://upload.wikimedia.org/wikipedia/commons/thumb/f/fc/Almaco_jack.PNG/120px-Almaco_jack.PNG,No,Yes
Amazon sailfin catfish,Pterygoplichthys pardalis,https://upload.wikimedia.org/wikipedia/commons/thumb/a/a8/Liposarcus_pardalis.jpg/120px-Liposarcus_pardalis.jpg,Yes,No
Amberjack,Seriola,https://upload.wikimedia.org/wikipedia/commons/thumb/6/60/Seriola_dumerili.jpg/120px-Seriola_dumerili.jpg,No,Yes
American butterfish,Peprilus triacanthus,https://upload.wikimedia.org/wikipedia/commons/thumb/0/0f/Poronotus_triacanthus.jpg/120px-Poronotus_triacanthus.jpg,No,Yes
American conger,Conger oceanicus,https://upload.wikimedia.org/wikipedia/commons/thumb/2/24/Conger_oceanicus.jpg/120px-Conger_oceanicus.jpg,No,Yes
American eel,Anguilla rostrata,https://upload.wikimedia.org/wikipedia/commons/thumb/5/5c/American_Eel.jpg/120px-American_Eel.jpg,Yes,Yes
American gizzard shad,Dorosoma cepedianum,https://upload.wikimedia.org/wikipedia/commons/thumb/6/6b/Dorosoma_cepedianum.jpg/120px-Dorosoma_cepedianum.jpg,Yes,Yes
American pickerel,Esox americanus,https://upload.wikimedia.org/wikipedia/commons/thumb/3/33/Esox_americanus_vermiculatus.jpg/120px-Esox_americanus_vermiculatus.jpg,Yes,No
American shad,Alosa sapidissima,https://upload.wikimedia.org/wikipedia/commons/thumb/b/b1/Dentonshad1904.jpg/120px-Dentonshad1904.jpg,Yes,Yes
Amur carp,Cyprinus rubrofuscus,https://upload.wikimedia.org/wikipedia/commons/thumb/b/b8/Cyprinus_rubrofuscus_Bleeker.jpg/120px-Cyprinus_rubrofuscus_Bleeker.jpg,Yes,No
Arabian angelfish,Pomacanthus asfur,https://upload.wikimedia.org/wikipedia/commons/thumb/3/38/Pomacanthus_asfur_2.jpg/120px-Pomacanthus_asfur_2.jpg,No,Yes
Asian carp,,,Yes,No
Asian swamp eel,Monopterus albus,https://upload.wikimedia.org/wikipedia/commons/thumb/2/2c/Monopterus_albus_2.jpg/120px-Monopterus_albus_2.jpg,Yes,No
Atlantic angel shark,Squatina dumeril,https://upload.wikimedia.org/wikipedia/commons/thumb/3/33/Squatina_dumeril_nefsc.jpg/120px-Squatina_dumeril_nefsc.jpg,No,Yes
Atlantic bigeye,Priacanthus arenatus,https://upload.wikimedia.org/wikipedia/commons/thumb/7/70/Priacanthus_cruentatus.jpg/120px-Priacanthus_cruentatus.jpg,No,Yes
Atlantic bluefin tuna,Thunnus thynnus,https://upload.wikimedia.org/wikipedia/commons/thumb/1/18/Bluefin-big.jpg/120px-Bluefin-big.jpg,No,Yes
Atlantic bonito,Sarda sarda,https://upload.wikimedia.org/wikipedia/commons/thumb/b/bf/Sarda_sarda.jpg/120px-Sarda_sarda.jpg,No,Yes
Atlantic bumper,Chloroscombrus chrysurus,https://upload.wikimedia.org/wikipedia/commons/thumb/8/85/Chloroscombrus_chrysurus.jpg/120px-Chloroscombrus_chrysurus.jpg,No,Yes
Atlantic croaker,Micropogonias undulatus,https://upload.wikimedia.org/wikipedia/commons/thumb/6/6b/Micropogonias_undulatus_%28line_art%29.jpg/120px-Micropogonias_undulatus_%28line_art%29.jpg,No,Yes
Atlantic flyingfish,Cheilopogon melanurus,https://upload.wikimedia.org/wikipedia/commons/thumb/f/f8/Cheilopogon_melanurusPCCA20070623-3956B.jpg/120px-Cheilopogon_melanurusPCCA20070623-3956B.jpg,No,Yes
Atlantic hagfish,Myxine glutinosa,https://upload.wikimedia.org/wikipedia/commons/thumb/4/42/Atlantic_Hagfish_%28Myxine_glutinosa%29.jpg/120px-Atlantic_Hagfish_%28Myxine_glutinosa%29.jpg,No,Yes
Atlantic menhaden,Brevoortia tyrannus,https://upload.wikimedia.org/wikipedia/commons/thumb/e/ef/Brevoortia_tyrannus1.jpg/120px-Brevoortia_tyrannus1.jpg,No,Yes
Atlantic moonfish,Selene setapinnis,https://upload.wikimedia.org/wikipedia/commons/thumb/c/c9/Selene_setapinnis.jpg/120px-Selene_setapinnis.jpg,No,Yes
Atlantic needlefish,Strongylura marina,https://upload.wikimedia.org/wikipedia/commons/thumb/7/78/Fish4485_-_Flickr_-_NOAA_Photo_Library.jpg/120px-Fish4485_-_Flickr_-_NOAA_Photo_Library.jpg,Yes,Yes
Atlantic sailfish,Istiophorus albicans,https://upload.wikimedia.org/wikipedia/commons/thumb/d/d5/Two_men_holding_a_freshly_caught_sailfish.jpg/120px-Two_men_holding_a_freshly_caught_sailfish.jpg,No,Yes
Atlantic sharpnose shark,Rhizoprionodon terraenovae,https://upload.wikimedia.org/wikipedia/commons/thumb/4/43/Rhizoprionodon_terraenovae_nmfs.jpg/120px-Rhizoprionodon_terraenovae_nmfs.jpg,No,Yes
Atlantic silverside,Menidia menidia,https://upload.wikimedia.org/wikipedia/commons/thumb/9/99/Atlantic_silverside.jpg/120px-Atlantic_silverside.jpg,No,Yes
Atlantic sixgill shark,Hexanchus vitulus,,No,Yes
Atlantic spadefish,Chaetodipterus faber,https://upload.wikimedia.org/wikipedia/commons/thumb/5/57/Atlantic_Spadefish_PLW_edit.jpg/120px-Atlantic_Spadefish_PLW_edit.jpg,No,Yes
Atlantic spanish mackerel,Scomberomorus maculatus,https://upload.wikimedia.org/wikipedia/commons/thumb/0/01/Spanish_mack_photo3_exp.jpg/120px-Spanish_mack_photo3_exp.jpg,No,Yes
Atlantic stingray,Hypanus sabinus,https://upload.wikimedia.org/wikipedia/commons/thumb/a/aa/Dasyatis_sabina_florida.jpg/120px-Dasyatis_sabina_florida.jpg,Yes,Yes
Atlantic sturgeon,Acipenser oxyrinchus oxyrinchus,https://upload.wikimedia.org/wikipedia/commons/thumb/d/d2/Atlantic_sturgeon.jpg/120px-Atlantic_sturgeon.jpg,Yes,Yes
Atlantic tarpon,Megalops atlanticus,https://upload.wikimedia.org/wikipedia/commons/thumb/e/e2/Tarpon3.JPG/120px-Tarpon3.JPG,Yes,Yes
Atlantic thread herring,Opisthonema oglinum,https://upload.wikimedia.org/wikipedia/commons/thumb/f/f2/Opisthonema_oglinum.jpg/120px-Opisthonema_oglinum.jpg,No,Yes
Atlantic torpedo,Tetronarce nobiliana,https://upload.wikimedia.org/wikipedia/commons/thumb/5/5c/Atlantic_torpedo_%28_Torpedo_nobiliana_%29.jpg/120px-Atlantic_torpedo_%28_Torpedo_nobiliana_%29.jpg,No,Yes
Atlantic tripletail,Lobotes surinamensis,https://upload.wikimedia.org/wikipedia/commons/thumb/9/92/Lobotes_surinamensis.jpg/120px-Lobotes_surinamensis.jpg,No,Yes
Balloonfish,Diodon holocanthus,https://upload.wikimedia.org/wikipedia/commons/thumb/d/d6/Diodon_holocanthus_-_pone.0010676.g200.png/120px-Diodon_holocanthus_-_pone.0010676.g200.png,No,Yes
Ballyhoo,Hemiramphus brasiliensis,https://upload.wikimedia.org/wikipedia/commons/thumb/2/22/Halfbeak_Cuba.JPG/120px-Halfbeak_Cuba.JPG,No,Yes
Banded butterflyfish,Chaetodon striatus,https://upload.wikimedia.org/wikipedia/commons/thumb/6/65/Chaetodon_striatus_Brasil.jpg/120px-Chaetodon_striatus_Brasil.jpg,No,Yes
Banded cichlid,Heros severus,https://upload.wikimedia.org/wikipedia/commons/thumb/8/8a/Heros_severus.JPG/120px-Heros_severus.JPG,Yes,No
Banded leporinus,Leporinus fasciatus,https://upload.wikimedia.org/wikipedia/commons/thumb/6/69/Leporinus_fasciatus2.jpg/120px-Leporinus_fasciatus2.jpg,Yes,No
Bandtail puffer,Sphoeroides spengleri,https://upload.wikimedia.org/wikipedia/commons/thumb/5/57/Bandtail_puffer.jpg/120px-Bandtail_puffer.jpg,No,Yes
Bandtail searobin,Prionotus ophryas,https://upload.wikimedia.org/wikipedia/commons/thumb/9/92/Bandtail_searobin_%28_Prionotus_ophryas_%29.jpg/120px-Bandtail_searobin_%28_Prionotus_ophryas_%29.jpg,No,Yes
Bank butterflyfish,Prognathodes aya,https://upload.wikimedia.org/wikipedia/commons/thumb/c/c2/Prognathodes_aya.jpg/120px-Prognathodes_aya.jpg,No,Yes
Bar jack,Caranx ruber,https://upload.wikimedia.org/wikipedia/commons/thumb/2/23/Bar_jack_portrait.jpg/120px-Bar_jack_portrait.jpg,No,Yes
Red barbfish,Scorpaena brasiliensis,https://upload.wikimedia.org/wikipedia/commons/thumb/d/dd/Fish4439_-_Flickr_-_NOAA_Photo_Library.jpg/120px-Fish4439_-_Flickr_-_NOAA_Photo_Library.jpg,No,Yes
Barred hamlet,Hypoplectrus puella,https://upload.wikimedia.org/wikipedia/commons/thumb/3/3e/Hypoplectrus_puella.jpg/120px-Hypoplectrus_puella.jpg,No,Yes
Barred sorubim,Pseudoplatystoma fasciatum,https://upload.wikimedia.org/wikipedia/commons/thumb/e/e6/Pseudoplatystoma-fasciatum.jpg/120px-Pseudoplatystoma-fasciatum.jpg,Yes,No
Basking shark,Cetorhinus maximus,https://upload.wikimedia.org/wikipedia/commons/thumb/0/0b/Cetorhinus_maximus_by_greg_skomal.JPG/120px-Cetorhinus_maximus_by_greg_skomal.JPG,No,Yes
Batfish,Platax orbicularis,https://upload.wikimedia.org/wikipedia/commons/thumb/3/33/NanyoTU.jpg/120px-NanyoTU.jpg,No,Yes
Bay anchovy,Anchoa mitchilli,https://upload.wikimedia.org/wikipedia/commons/thumb/a/a2/FMIB_40005_Anchovia_mitchilli-_Adult_fish_7_cm_in_length.jpeg/120px-FMIB_40005_Anchovia_mitchilli-_Adult_fish_7_cm_in_length.jpeg,No,Yes
Bearded brotula,Brotula barbata,https://upload.wikimedia.org/wikipedia/commons/thumb/2/2d/Bearded_brotula_%28_Brotula_barbata_%29.jpg/120px-Bearded_brotula_%28_Brotula_barbata_%29.jpg,No,Yes
Beaugregory,Stegastes leucostictus,https://upload.wikimedia.org/wikipedia/commons/thumb/8/8a/Stegastes_leucostictus.jpg/120px-Stegastes_leucostictus.jpg,No,Yes
Belted sandfish,Serranus subligarius,https://upload.wikimedia.org/wikipedia/commons/thumb/b/ba/Fish4454_-_Flickr_-_NOAA_Photo_Library.jpg/120px-Fish4454_-_Flickr_-_NOAA_Photo_Library.jpg,No,Yes
Bermuda blue angelfish,Holacanthus bermudensis,https://upload.wikimedia.org/wikipedia/commons/thumb/b/b4/Bermuda_blue_angelfish.jpg/120px-Bermuda_blue_angelfish.jpg,No,Yes
Bermuda chub,Kyphosus sectatrix,https://upload.wikimedia.org/wikipedia/commons/thumb/5/5b/Bermuda_Chub.png/120px-Bermuda_Chub.png,No,Yes
Bicolor damselfish,Stegastes partitus,https://upload.wikimedia.org/wikipedia/commons/thumb/3/35/Stegastes_partitus_-_pone.0010676.g108.png/120px-Stegastes_partitus_-_pone.0010676.g108.png,No,Yes
Bicolour parrotfish,Cetoscarus bicolor,https://upload.wikimedia.org/wikipedia/commons/thumb/6/62/Bicolor_parrotfishWB.JPG/120px-Bicolor_parrotfishWB.JPG,No,Yes
Bigeye sand tiger,Odontaspis noronhai,https://upload.wikimedia.org/wikipedia/commons/thumb/5/50/Odontaspis_noronhai.jpg/120px-Odontaspis_noronhai.jpg,No,Yes
Bigeye scad,Selar crumenophthalmus,https://upload.wikimedia.org/wikipedia/commons/thumb/4/4d/Fish4443_-_Flickr_-_NOAA_Photo_Library.jpg/120px-Fish4443_-_Flickr_-_NOAA_Photo_Library.jpg,No,Yes
Bigeye thresher,Alopias superciliosus,https://upload.wikimedia.org/wikipedia/commons/thumb/a/a1/Alopias_superciliosus.jpg/120px-Alopias_superciliosus.jpg,No,Yes
Bigeye tuna,Thunnus obesus,https://upload.wikimedia.org/wikipedia/commons/thumb/a/ac/Thunnus_obesus_%28bigeye_tuna%29.jpg/120px-Thunnus_obesus_%28bigeye_tuna%29.jpg,No,Yes
Bighead carp,Hypophthalmichthys nobilis,https://upload.wikimedia.org/wikipedia/commons/thumb/6/6c/Tolstolobec_pestr%C3%BD.jpg/120px-Tolstolobec_pestr%C3%BD.jpg,Yes,No
Bigmouth sleeper,Gobiomorus dormitor,,No,Yes
Bignose shark,Carcharhinus altimus,https://upload.wikimedia.org/wikipedia/commons/thumb/c/c4/Carcharhinus_altimus_nefsc.jpg/120px-Carcharhinus_altimus_nefsc.jpg,No,Yes
Black acara,Cichlasoma bimaculatum,https://upload.wikimedia.org/wikipedia/commons/thumb/c/c6/PSM_V68_D531_Chiclasoma_bimaculatum_of_the_chiclidae.png/120px-PSM_V68_D531_Chiclasoma_bimaculatum_of_the_chiclidae.png,Yes,No
Black arowana,Osteoglossum ferreirai,https://upload.wikimedia.org/wikipedia/commons/thumb/9/91/Osteoglossum_ferreira_-_Zoo_Frankfurt_1.jpg/120px-Osteoglossum_ferreira_-_Zoo_Frankfurt_1.jpg,Yes,No
Black carp,Mylopharyngodon piceus,https://upload.wikimedia.org/wikipedia/commons/thumb/e/ec/Mylopharyngodon_piceus.jpg/120px-Mylopharyngodon_piceus.jpg,Yes,No
Black crappie,Pomoxis nigromaculatus,https://upload.wikimedia.org/wikipedia/commons/thumb/4/4e/Pomoxis_nigromaculatus1.jpg/120px-Pomoxis_nigromaculatus1.jpg,Yes,No
Black drum,Pogonias cromis,https://upload.wikimedia.org/wikipedia/commons/thumb/c/c5/Black_drum.jpg/120px-Black_drum.jpg,No,Yes
Black durgon,Melichthys niger,https://upload.wikimedia.org/wikipedia/commons/thumb/c/c2/Melichthys_niger_on_Kona.jpg/120px-Melichthys_niger_on_Kona.jpg,No,Yes
Black grouper,Mycteroperca bonaci,https://upload.wikimedia.org/wikipedia/commons/thumb/f/f1/Mycteroperca_bonaci.jpg/120px-Mycteroperca_bonaci.jpg,No,Yes
Black jack,Caranx lugubris,https://upload.wikimedia.org/wikipedia/commons/thumb/9/90/Black_trevally.JPG/120px-Black_trevally.JPG,No,Yes
Black margate,Anisotremus surinamensis,https://upload.wikimedia.org/wikipedia/commons/thumb/1/18/Anisotremus_surinamensis.jpg/120px-Anisotremus_surinamensis.jpg,No,Yes
Black marlin,Istiompax indica,https://upload.wikimedia.org/wikipedia/commons/thumb/1/1f/Maind_u0.gif/120px-Maind_u0.gif,No,Yes
Black seabass,Centropristis striata,https://upload.wikimedia.org/wikipedia/commons/thumb/9/98/Centropristis_striata.png/120px-Centropristis_striata.png,No,Yes
Black sharkminnow,Labeo chrysophekadion,https://upload.wikimedia.org/wikipedia/commons/thumb/b/b6/Labeo_chrysophekadion_Bleeker.jpg/120px-Labeo_chrysophekadion_Bleeker.jpg,Yes,No
Blackbar soldierfish,Myripristis jacobus,https://upload.wikimedia.org/wikipedia/commons/thumb/9/9f/Monaco.Mus%C3%A9e_oc%C3%A9anographique039.jpg/120px-Monaco.Mus%C3%A9e_oc%C3%A9anographique039.jpg,No,Yes
Blackcheek tonguefish,Symphurus plagiusa,,No,Yes
Blackchin tilapia,Sarotherodon melanotheron,https://upload.wikimedia.org/wikipedia/commons/thumb/b/b3/The_complete_aquarium_book%3B_the_care_and_breeding_of_goldfish_and_tropical_fishes_%281936%29_%2820049224674%29.jpg/120px-The_complete_aquarium_book%3B_the_care_and_breeding_of_goldfish_and_tropical_fishes_%281936%29_%2820049224674%29.jpg,Yes,No
Black-ear wrasse,Halichoeres poeyi,https://upload.wikimedia.org/wikipedia/commons/thumb/b/bf/Halichoeres_poeyi_-_pone.0010676.g120.png/120px-Halichoeres_poeyi_-_pone.0010676.g120.png,No,Yes
Blackedge moray eel,Gymnothorax nigromarginatus,,No,Yes
Blackfin cardinalfish,Astrapogon puncticulatus,https://upload.wikimedia.org/wikipedia/commons/thumb/2/25/Astrapogon_puncticulatus_-_pone.0010676.g073.png/120px-Astrapogon_puncticulatus_-_pone.0010676.g073.png,No,Yes
Blackfin snapper,Lutjanus buccanella,https://upload.wikimedia.org/wikipedia/commons/thumb/c/ca/Lutjanus_buccanella_SI.jpg/120px-Lutjanus_buccanella_SI.jpg,No,Yes
Blackfin tuna,Thunnus atlanticus,https://upload.wikimedia.org/wikipedia/commons/thumb/0/04/Blackfin_tuna%2C_Duane_Raver_Jr.jpg/120px-Blackfin_tuna%2C_Duane_Raver_Jr.jpg,No,Yes
Blacknose shark,Carcharhinus acronotus,https://upload.wikimedia.org/wikipedia/commons/thumb/d/da/Blacknose_shark_nmfs.jpg/120px-Blacknose_shark_nmfs.jpg,No,Yes
Blacktail moray eel,Gymnothorax kolpos,https://upload.wikimedia.org/wikipedia/commons/thumb/3/39/Gymnothorax_kolpos.jpg/120px-Gymnothorax_kolpos.jpg,No,Yes
Blacktail redhorse,Moxostoma poecilurum,https://upload.wikimedia.org/wikipedia/commons/thumb/c/c3/Blacktail_Redhorse_%28Moxostoma_poecilurum%29.jpg/120px-Blacktail_Redhorse_%28Moxostoma_poecilurum%29.jpg,Yes,No
Blacktip shark,Carcharhinus limbatus,https://upload.wikimedia.org/wikipedia/commons/thumb/c/cb/Carcharhinus_limbatus_-_Caraibische_zwartpunthaai.jpg/120px-Carcharhinus_limbatus_-_Caraibische_zwartpunthaai.jpg,No,Yes
Blood parrot cichlid,Amphilophus citrinellus × Vieja melanurus,https://upload.wikimedia.org/wikipedia/commons/thumb/f/f8/BloodParrot.jpg/120px-BloodParrot.jpg,Yes,No
Blood-red jewel cichlid,Hemichromis lifalili,https://upload.wikimedia.org/wikipedia/commons/thumb/b/bc/Cichlidae_-_Hemichromis_lifalili.JPG/120px-Cichlidae_-_Hemichromis_lifalili.JPG,Yes,No
Blue catfish,Ictalurus furcatus,https://upload.wikimedia.org/wikipedia/commons/thumb/4/4b/Blue_catfish.jpg/120px-Blue_catfish.jpg,Yes,No
Blue chromis,Chromis cyanea,https://upload.wikimedia.org/wikipedia/commons/thumb/e/e4/Chromis_cyanea_Gratwicke.jpg/120px-Chromis_cyanea_Gratwicke.jpg,No,Yes
Blue hamlet,Hypoplectrus gemma,https://upload.wikimedia.org/wikipedia/commons/thumb/c/ca/Blue_Hamlet.jpg/120px-Blue_Hamlet.jpg,No,Yes
Blue marlin,Makaira nigricans,https://upload.wikimedia.org/wikipedia/commons/thumb/b/b9/Atlantic_blue_marlin.jpg/120px-Atlantic_blue_marlin.jpg,No,Yes
Blue parrotfish,Scarus coeruleus,https://upload.wikimedia.org/wikipedia/commons/thumb/b/b2/Scarus_coeruleus_in_Madagascar_Reef.jpg/120px-Scarus_coeruleus_in_Madagascar_Reef.jpg,No,Yes
Blue runner,Caranx crysos,https://upload.wikimedia.org/wikipedia/commons/thumb/5/56/Blue_runner.jpg/120px-Blue_runner.jpg,No,Yes
Blue shark,Prionace glauca,https://upload.wikimedia.org/wikipedia/commons/thumb/e/ea/Prionace_glauca_1.jpg/120px-Prionace_glauca_1.jpg,No,Yes
Blue striped grunt,Haemulon sciurus,https://upload.wikimedia.org/wikipedia/commons/thumb/5/54/Blue_Stripe_Grunt._Haemulon_sciurus.jpg/120px-Blue_Stripe_Grunt._Haemulon_sciurus.jpg,No,Yes
Blue surgeonfish,Paracanthurus hepatus,https://upload.wikimedia.org/wikipedia/commons/thumb/1/13/Paletten-Doktorfisch_M%C3%BCnster.JPG/120px-Paletten-Doktorfisch_M%C3%BCnster.JPG,No,Yes
Blue tang,Acanthurus coeruleus,https://upload.wikimedia.org/wikipedia/commons/thumb/9/9a/Blue_Tang.jpg/120px-Blue_Tang.jpg,No,Yes
Blue tilapia,Oreochromis aureus,https://upload.wikimedia.org/wikipedia/commons/thumb/f/ff/Blue_Tilapia.jpg/120px-Blue_Tilapia.jpg,Yes,No
Bluefin killifish,Lucania goodei,https://upload.wikimedia.org/wikipedia/commons/thumb/5/5c/Lucania_goodei.jpg/120px-Lucania_goodei.jpg,Yes,No
Blueback herring,Alosa aestivalis,https://upload.wikimedia.org/wikipedia/commons/thumb/3/3b/Blueback_herring_fish_image.jpg/120px-Blueback_herring_fish_image.jpg,Yes,Yes
Bluefish,Pomatomus saltatrix,https://upload.wikimedia.org/wikipedia/commons/thumb/d/de/Pomatomus_saltatrix.png/120px-Pomatomus_saltatrix.png,Yes,Yes
Bluegill,Lepomis macrochirus,https://upload.wikimedia.org/wikipedia/commons/thumb/b/bf/Lepomis_macrochirus_UMFS_2014_2.JPG/120px-Lepomis_macrochirus_UMFS_2014_2.JPG,Yes,No
Bluehead wrasse,Thalassoma bifasciatum,https://upload.wikimedia.org/wikipedia/commons/thumb/e/e4/Blue-headed_wrasse_det.jpg/120px-Blue-headed_wrasse_det.jpg,No,Yes
Bluelip parrotfish,Cryptotomus roseus,https://upload.wikimedia.org/wikipedia/commons/thumb/0/08/Cryptotomus_roseus_-_pone.0010676.g127.png/120px-Cryptotomus_roseus_-_pone.0010676.g127.png,No,Yes
Bluespotted cornetfish,Fistularia commersonii,https://upload.wikimedia.org/wikipedia/commons/thumb/c/cf/Fistularia_commersonii1.jpg/120px-Fistularia_commersonii1.jpg,No,Yes
Bluespotted ribbontail ray,Taeniura lymma,https://upload.wikimedia.org/wikipedia/commons/thumb/a/a6/Taeniura_lymma2a.jpg/120px-Taeniura_lymma2a.jpg,No,Yes
Blue-spotted sunfish,Enneacanthus gloriosus,https://upload.wikimedia.org/wikipedia/commons/thumb/7/75/Enneacanthus_gloriosus.jpg/120px-Enneacanthus_gloriosus.jpg,Yes,No
Bluntnose sixgill shark,Hexanchus griseus,https://upload.wikimedia.org/wikipedia/commons/thumb/4/47/Hexanchus_griseus.jpg/120px-Hexanchus_griseus.jpg,No,Yes
Bluntnose stingray,Hypanus say,https://upload.wikimedia.org/wikipedia/commons/thumb/5/5b/Dasyatis_say_botany_bay.jpg/120px-Dasyatis_say_botany_bay.jpg,No,Yes
Boga,Haemulon vittatum,https://upload.wikimedia.org/wikipedia/commons/thumb/2/2d/Boga_%28Haemulon_vittatum%29_at_cleaning_station.jpg/120px-Boga_%28Haemulon_vittatum%29_at_cleaning_station.jpg,No,Yes
Bonefish,Albula vulpes,https://upload.wikimedia.org/wikipedia/commons/thumb/f/f4/Bonefish.png/120px-Bonefish.png,No,Yes
Bonnethead,Sphyrna tiburo,https://upload.wikimedia.org/wikipedia/commons/thumb/6/64/Bonnethead_shark.jpg/120px-Bonnethead_shark.jpg,No,Yes
Bowfin,Amia calva,https://upload.wikimedia.org/wikipedia/commons/thumb/5/5c/Amia_calva1.jpg/120px-Amia_calva1.jpg,Yes,No
Bridled burrfish,Chilomycterus antennatus,https://upload.wikimedia.org/wikipedia/commons/thumb/3/33/FMIB_38160_Chilomycterus_antennatus_%28Cuvier%29.jpeg/120px-FMIB_38160_Chilomycterus_antennatus_%28Cuvier%29.jpeg,No,Yes
Broad-striped anchovy,Anchoa hepsetus,https://upload.wikimedia.org/wikipedia/commons/thumb/0/0f/AnchoaHepsetus.jpg/120px-AnchoaHepsetus.jpg,No,Yes
Brook silverside,Labidesthes sicculus,https://upload.wikimedia.org/wikipedia/commons/thumb/7/70/Labidesthes_sicculus.jpg/120px-Labidesthes_sicculus.jpg,Yes,No
Brown Bullhead,Ameiurus nebulosus,https://upload.wikimedia.org/wikipedia/commons/thumb/b/b4/Ameiurus_nebulosus.jpg/120px-Ameiurus_nebulosus.jpg,Yes,No
Brown chromis,Chromis multilineata,https://upload.wikimedia.org/wikipedia/commons/thumb/f/f8/Chromis_multilineata.jpg/120px-Chromis_multilineata.jpg,No,Yes
Brown garden eel,Heteroconger longissimus,https://upload.wikimedia.org/wikipedia/commons/thumb/0/05/Heteroconger_longissimus.jpg/120px-Heteroconger_longissimus.jpg,No,Yes
Brown hoplo,Hoplosternum littorale,https://upload.wikimedia.org/wikipedia/commons/thumb/d/db/Hoplosternum_littorale.jpg/120px-Hoplosternum_littorale.jpg,Yes,No
Brown trout,Salmo trutta,https://upload.wikimedia.org/wikipedia/commons/thumb/3/35/Bachforelle_Zeichnung.jpg/120px-Bachforelle_Zeichnung.jpg,Yes,Yes
Bucktooth parrotfish,Sparisoma radians,https://upload.wikimedia.org/wikipedia/commons/thumb/4/46/Sparisoma_radians_-_pone.0010676.g136.png/120px-Sparisoma_radians_-_pone.0010676.g136.png,No,Yes
Buffalo trunkfish,Lactophrys trigonus,https://upload.wikimedia.org/wikipedia/commons/thumb/6/64/Lactophrys_trigonus.jpg/120px-Lactophrys_trigonus.jpg,No,Yes
Bull shark,Carcharhinus leucas,https://upload.wikimedia.org/wikipedia/commons/thumb/8/8f/Bullshark_Beqa_Fiji_2007.jpg/120px-Bullshark_Beqa_Fiji_2007.jpg,Yes,Yes
Bullet mackerel,Auxis rochei,https://upload.wikimedia.org/wikipedia/commons/thumb/4/4c/Auroc_u0.png/120px-Auroc_u0.png,No,Yes
Bullnose ray,Myliobatis freminvillei,https://upload.wikimedia.org/wikipedia/commons/thumb/f/f4/Myliobatis_freminvillei_%28S0935%29_%2812657337364%29.jpg/120px-Myliobatis_freminvillei_%28S0935%29_%2812657337364%29.jpg,No,Yes
Southern eagle ray,Myliobatis goodei,https://upload.wikimedia.org/wikipedia/commons/thumb/5/5a/Myliobatis_goodei%2C_Southern_eagle_ray%2C_topside.png/120px-Myliobatis_goodei%2C_Southern_eagle_ray%2C_topside.png,No,Yes
Bullseye snakehead,Channa marulius,https://upload.wikimedia.org/wikipedia/commons/thumb/e/e4/Channa_marulius.jpg/120px-Channa_marulius.jpg,Yes,No
Butter hamlet,Hypoplectrus unicolor,https://upload.wikimedia.org/wikipedia/commons/thumb/f/f9/Butter_hamlet_fish.jpg/120px-Butter_hamlet_fish.jpg,No,Yes
Butterfish,Poronotus triacanthus,https://upload.wikimedia.org/wikipedia/commons/thumb/0/0f/Poronotus_triacanthus.jpg/120px-Poronotus_triacanthus.jpg,No,Yes
Caesar grunt,Haemulon carbonarium,https://upload.wikimedia.org/wikipedia/commons/thumb/b/b5/Haemulon_carbonarium.jpg/120px-Haemulon_carbonarium.jpg,No,Yes
Cardinal soldierfish,Plectrypops retrospinis,https://upload.wikimedia.org/wikipedia/commons/thumb/8/83/Plectrypops_retrospinis_-_pone.0010676.g037.png/120px-Plectrypops_retrospinis_-_pone.0010676.g037.png,No,Yes
Caribbean chestnut moray,Enchelycore carychroa,https://upload.wikimedia.org/wikipedia/commons/thumb/f/f4/Enchelycore_carychroa%2C_Head_%28Caribbean_Chestnut_Moray%29.jpg/120px-Enchelycore_carychroa%2C_Head_%28Caribbean_Chestnut_Moray%29.jpg,No,Yes
Caribbean ocellated moray,Gymnothorax ocellatus,https://upload.wikimedia.org/wikipedia/commons/thumb/5/5d/F_de_Castelnau-poissonsPl43.jpg/120px-F_de_Castelnau-poissonsPl43.jpg,No,Yes
Caribbean reef shark,Carcharhinus perezii,https://upload.wikimedia.org/wikipedia/commons/thumb/e/ee/Haai11.jpg/120px-Haai11.jpg,No,Yes
Caribbean sharpnose-puffer,Canthigaster rostrata,https://upload.wikimedia.org/wikipedia/commons/thumb/3/31/Canthigaster_rostrata_inflated_SI.jpg/120px-Canthigaster_rostrata_inflated_SI.jpg,No,Yes
Cero mackerel,Scomberomorus regalis,https://upload.wikimedia.org/wikipedia/commons/thumb/7/75/Screg_u0.gif/120px-Screg_u0.gif,No,Yes
Chain dogfish,Scyliorhinus retifer,https://upload.wikimedia.org/wikipedia/commons/thumb/f/f3/Scyliorhinus_retifer_SI.jpg/120px-Scyliorhinus_retifer_SI.jpg,No,Yes
Chain moray,Echidna catenata,https://upload.wikimedia.org/wikipedia/commons/thumb/8/85/Chain_moray_eel.jpg/120px-Chain_moray_eel.jpg,No,Yes
Chain pickerel,Esox niger,https://upload.wikimedia.org/wikipedia/commons/thumb/5/58/Esox_niger.jpg/120px-Esox_niger.jpg,Yes,No
Chalk bass,Serranus tortugarum,https://upload.wikimedia.org/wikipedia/commons/thumb/b/b4/Serranus_tortugarum_-_pone.0010676.g063.png/120px-Serranus_tortugarum_-_pone.0010676.g063.png,No,Yes
Channel catfish,Ictalurus punctatus,https://upload.wikimedia.org/wikipedia/commons/thumb/2/28/Ictalurus_punctatus.jpg/120px-Ictalurus_punctatus.jpg,Yes,No
Checkered puffer,Sphoeroides testudineus,https://upload.wikimedia.org/wikipedia/commons/thumb/3/3a/Sphoeroides_testudineus_%28checkered_pufferfish%29_%28San_Salvador_Island%2C_Bahamas%29_%2815548625654%29.jpg/120px-Sphoeroides_testudineus_%28checkered_pufferfish%29_%28San_Salvador_Island%2C_Bahamas%29_%2815548625654%29.jpg,No,Yes
Cherubfish,Centropyge argi,https://upload.wikimedia.org/wikipedia/commons/thumb/5/52/Cherub_fish_Centropyge_argi.jpg/120px-Cherub_fish_Centropyge_argi.jpg,No,Yes
Chocolate surgeonfish,Acanthurus pyroferus,https://upload.wikimedia.org/wikipedia/commons/thumb/5/5b/Chocolate_tang_-_Acanthurus_pyroferus.jpg/120px-Chocolate_tang_-_Acanthurus_pyroferus.jpg,No,Yes
Choctaw bass,Micropterus sp. cf. punctulatus,https://upload.wikimedia.org/wikipedia/commons/thumb/b/bd/Choctaw_bass.jpg/120px-Choctaw_bass.jpg,Yes,No
Clearnose skate,Rostroraja eglanteria,https://upload.wikimedia.org/wikipedia/commons/thumb/9/9b/FMIB_51334_Brier_Ray_Raja_eglanteria_Male.jpeg/120px-FMIB_51334_Brier_Ray_Raja_eglanteria_Male.jpeg,No,Yes
Clown featherback,Chitala ornata,https://upload.wikimedia.org/wikipedia/commons/thumb/9/9d/Chitala_ornata.jpg/120px-Chitala_ornata.jpg,Yes,No
Clown goby,Gobiodon,,No,Yes
Clown wrasse,Halichoeres maculipinna,https://upload.wikimedia.org/wikipedia/commons/thumb/5/5c/Halichoeres_maculipinna.jpg/120px-Halichoeres_maculipinna.jpg,No,Yes
Clown wrasse,Coris aygula,https://upload.wikimedia.org/wikipedia/commons/thumb/9/9a/Coris_aygula_Prague_2011_3.jpg/120px-Coris_aygula_Prague_2011_3.jpg,No,Yes
Coastal shiner,Notropis petersoni,https://upload.wikimedia.org/wikipedia/commons/thumb/f/f7/Notropis_petersoni.jpg/120px-Notropis_petersoni.jpg,Yes,No
Cobia,Rachycentron canadum,https://upload.wikimedia.org/wikipedia/commons/thumb/e/ee/Rachycentron_canadum.png/120px-Rachycentron_canadum.png,No,Yes
Caribbean cocoa damselfish,Stegastes xanthurus,https://upload.wikimedia.org/wikipedia/commons/thumb/2/24/Caribbean_Cocoa_damselfish.jpg/120px-Caribbean_Cocoa_damselfish.jpg,No,Yes
Collared eel,Kaupichthys nuchalis,https://upload.wikimedia.org/wikipedia/commons/thumb/f/f4/Kaupichthys_nuchalis_SI.jpg/120px-Kaupichthys_nuchalis_SI.jpg,No,Yes
Colon goby,Coryphopterus dicrus,https://upload.wikimedia.org/wikipedia/commons/thumb/f/f8/Coryphopterus_dicrus.jpg/120px-Coryphopterus_dicrus.jpg,No,Yes
Common carp,Cyprinus carpio,https://upload.wikimedia.org/wikipedia/commons/thumb/9/9b/Cyprinus_carpio.jpeg/120px-Cyprinus_carpio.jpeg,Yes,No
Common clownfish,Amphiprion ocellaris,https://upload.wikimedia.org/wikipedia/commons/thumb/3/38/False_Percula.JPG/120px-False_Percula.JPG,No,Yes
Common lionfish,Pterois miles,https://upload.wikimedia.org/wikipedia/commons/thumb/4/4c/Common_lionfish_at_Shaab_El_Erg_reef_%28landscape_crop%29.JPG/120px-Common_lionfish_at_Shaab_El_Erg_reef_%28landscape_crop%29.JPG,No,Yes
Common rudd,Scardinius erythrophthalmus,https://upload.wikimedia.org/wikipedia/commons/thumb/4/41/Scardinius_erythropthalmus_2009_G1.jpg/120px-Scardinius_erythropthalmus_2009_G1.jpg,Yes,No
Common sand diver,Synodus intermedius,https://upload.wikimedia.org/wikipedia/commons/thumb/6/68/Synodus_intermedius.jpg/120px-Synodus_intermedius.jpg,No,Yes
Common thresher,Alopias vulpinus,https://upload.wikimedia.org/wikipedia/commons/thumb/b/be/Alopias_vulpinus_noaa2.jpg/120px-Alopias_vulpinus_noaa2.jpg,No,Yes
Conchfish,Astrapogon stellatus,https://upload.wikimedia.org/wikipedia/commons/thumb/c/c0/Astrapogon_stellatus.jpg/120px-Astrapogon_stellatus.jpg,No,Yes
Coney,Cephalopholis fulva,https://upload.wikimedia.org/wikipedia/commons/thumb/d/dc/Cephalopholis_fulva02.jpg/120px-Cephalopholis_fulva02.jpg,No,Yes
Convict cichlid,Archocentrus nigrofasciatus,https://upload.wikimedia.org/wikipedia/commons/thumb/6/6c/Archocentrus_nigrofasciatus_female.jpg/120px-Archocentrus_nigrofasciatus_female.jpg,Yes,No
Copper shark,Carcharhinus brachyurus,https://upload.wikimedia.org/wikipedia/commons/thumb/a/a4/Bronze_whaler_auckland.jpg/120px-Bronze_whaler_auckland.jpg,No,Yes
Cottonwick grunt,Haemulon melanurum,,No,Yes
Cownose ray,Rhinoptera bonasus,https://upload.wikimedia.org/wikipedia/commons/thumb/0/09/Rhinoptera_bonasus_Brest.jpg/120px-Rhinoptera_bonasus_Brest.jpg,No,Yes
Creole wrasse,Clepticus parra,https://upload.wikimedia.org/wikipedia/commons/thumb/5/54/Clepticus_parrae_-_pone.0010676.g111.png/120px-Clepticus_parrae_-_pone.0010676.g111.png,No,Yes
Atlantic Creole-fish,Paranthias furcifer,https://upload.wikimedia.org/wikipedia/commons/thumb/3/3a/Paranthias_furcifer_-_pone.0010676.g055.png/120px-Paranthias_furcifer_-_pone.0010676.g055.png,No,Yes
Crested goby,Lophogobius cyprinoides,https://upload.wikimedia.org/wikipedia/commons/thumb/9/9d/FMIB_39794_Lophogobius_cyprinoides_%28Pallas%29.jpeg/120px-FMIB_39794_Lophogobius_cyprinoides_%28Pallas%29.jpeg,No,Yes
Crevalle Jack,Caranx hippos,https://upload.wikimedia.org/wikipedia/commons/thumb/9/92/Crevalle_jack_aquarium-profile.jpg/120px-Crevalle_jack_aquarium-profile.jpg,No,Yes
Croaking gourami,Trichopsis vittata,https://upload.wikimedia.org/wikipedia/commons/thumb/a/ac/Trichopsis_vittata.jpg/120px-Trichopsis_vittata.jpg,Yes,No
Cuban gar,Atractosteus tristoechus,https://upload.wikimedia.org/wikipedia/commons/thumb/d/d2/Atractosteus_tristoechus_01.jpg/120px-Atractosteus_tristoechus_01.jpg,Yes,No
Cuban dogfish,Squalus cubensis,https://upload.wikimedia.org/wikipedia/commons/thumb/3/32/Squalus_cubensis_eits.jpg/120px-Squalus_cubensis_eits.jpg,No,Yes
Cubbyu,Pareques acuminatus,https://upload.wikimedia.org/wikipedia/commons/thumb/d/de/Pareques_acuminatus.jpg/120px-Pareques_acuminatus.jpg,No,Yes
Cubera snapper,Lutjanus cyanopterus,https://upload.wikimedia.org/wikipedia/commons/thumb/9/9f/Gfp-cubera-snapper.jpg/120px-Gfp-cubera-snapper.jpg,No,Yes
Darter goby,Ctenogobius boleosoma,https://upload.wikimedia.org/wikipedia/commons/thumb/c/cc/Ctenogobius_boleosoma.jpg/120px-Ctenogobius_boleosoma.jpg,No,Yes
Dash goby,Ctenogobius saepepallens,,No,Yes
Diamond blenny,Malacoctenus boehlkei,https://upload.wikimedia.org/wikipedia/commons/thumb/e/ec/Malacoctenus_boehlkei_-_pone.0010676.g147.png/120px-Malacoctenus_boehlkei_-_pone.0010676.g147.png,No,Yes
Diamond killifish,Fundulus xenicus,,No,Yes
Doctorfish,Garra rufa,https://upload.wikimedia.org/wikipedia/commons/thumb/9/91/Doctor_fish2.jpg/120px-Doctor_fish2.jpg,No,Yes
Doctorfish tang,Acanthurus chirurgus,https://upload.wikimedia.org/wikipedia/commons/thumb/3/34/Acanthurus_chirurgus_SI.jpg/120px-Acanthurus_chirurgus_SI.jpg,No,Yes
Dog snapper,Lutjanus jocu,https://upload.wikimedia.org/wikipedia/commons/thumb/8/8f/Lutjanus_jocu_SI3.jpg/120px-Lutjanus_jocu_SI3.jpg,No,Yes
Drab sole,Achirus achirus,https://upload.wikimedia.org/wikipedia/commons/thumb/7/75/Achirus_achirus_from_F_de_Castelnau-poissonsPl41.jpg/120px-Achirus_achirus_from_F_de_Castelnau-poissonsPl41.jpg,Yes,Yes
Dusky cardinalfish,Phaeoptyx pigmentaria,,No,Yes
Dusky damselfish,Stegastes adustus,,No,Yes
Dusky pipefish,Syngnathus floridae,https://upload.wikimedia.org/wikipedia/commons/thumb/d/d0/Syngnathus_floridae_%28S0241%29_%2812658632285%29.jpg/120px-Syngnathus_floridae_%28S0241%29_%2812658632285%29.jpg,No,Yes
Dusky shark,Carcharhinus obscurus,https://upload.wikimedia.org/wikipedia/commons/thumb/d/d3/Carcharhinus_obscurus_at_Seaworld.jpg/120px-Carcharhinus_obscurus_at_Seaworld.jpg,No,Yes
Dusky squirrelfish,Sargocentron vexillarium,https://upload.wikimedia.org/wikipedia/commons/thumb/6/6e/Dusky_squirrelfish_Sargocentron_vexillarium_%284683571795%29.jpg/120px-Dusky_squirrelfish_Sargocentron_vexillarium_%284683571795%29.jpg,No,Yes
Dwarf frogfish,Antennarius pauciradiatus,https://upload.wikimedia.org/wikipedia/commons/thumb/5/56/Antennarius_pauciradiatus_-_pone.0010676.g028.png/120px-Antennarius_pauciradiatus_-_pone.0010676.g028.png,No,Yes
Dwarf goatfish,Upeneus parvus,https://upload.wikimedia.org/wikipedia/commons/thumb/4/42/Upeneus_parvus_-_Flickr_-_NOAA_Photo_Library.jpg/120px-Upeneus_parvus_-_Flickr_-_NOAA_Photo_Library.jpg,No,Yes
Dwarf herring,Jenkinsia lamprotaenia,,No,Yes
Dwarf rainbowfish,Melanotaenia praecox,https://upload.wikimedia.org/wikipedia/commons/thumb/9/9d/Dwarf_neon_rainbows.jpg/120px-Dwarf_neon_rainbows.jpg,Yes,No
Eastern mosquitofish,Gambusia holbrooki,https://upload.wikimedia.org/wikipedia/commons/thumb/7/79/Gambusia_holbrooki.png/120px-Gambusia_holbrooki.png,Yes,No
Eastern mudminnow,Umbra pygmaea,https://upload.wikimedia.org/wikipedia/commons/thumb/1/11/Umbra_pygmaea.jpg/120px-Umbra_pygmaea.jpg,Yes,No
Electric eel,Electrophorus electricus,https://upload.wikimedia.org/wikipedia/commons/thumb/8/8f/Electric-eel.jpg/120px-Electric-eel.jpg,Yes,No
Emperor angelfish,Pomacanthus imperator,https://upload.wikimedia.org/wikipedia/commons/thumb/4/4a/Pomocanthus_imperator_facing_right.jpg/120px-Pomocanthus_imperator_facing_right.jpg,No,Yes
Eyed flounder,Bothus ocellatus,https://upload.wikimedia.org/wikipedia/commons/thumb/c/cf/Bothus_ocellatus_de_Castelnau.jpg/120px-Bothus_ocellatus_de_Castelnau.jpg,No,Yes
False pilchard,Harengula clupeola,,No,Yes
Fat sleeper,Dormitator maculatus,https://upload.wikimedia.org/wikipedia/commons/thumb/b/b8/Fat_Sleeper_%28Dormitator_maculatus%29.jpg/120px-Fat_Sleeper_%28Dormitator_maculatus%29.jpg,No,Yes
Finetooth shark,Carcharhinus isodon,https://upload.wikimedia.org/wikipedia/commons/thumb/3/3f/Finetooth_shark_nmfs.jpg/120px-Finetooth_shark_nmfs.jpg,No,Yes
Firemouth cichlid,Thorichthys meeki,https://upload.wikimedia.org/wikipedia/commons/thumb/a/a6/Thorichthys_meeki_2019_G1.jpg/120px-Thorichthys_meeki_2019_G1.jpg,Yes,No
Flagfish,Jordanella floridae,https://upload.wikimedia.org/wikipedia/commons/thumb/d/d8/Jordanella_floridae.jpg/120px-Jordanella_floridae.jpg,Yes,No
Flamefish,Apogon maculatus,https://upload.wikimedia.org/wikipedia/commons/thumb/5/5c/Apogon_maculatus.jpg/120px-Apogon_maculatus.jpg,No,Yes
Flat needlefish,Ablennes hians,https://upload.wikimedia.org/wikipedia/commons/thumb/9/92/Needlefish.jpg/120px-Needlefish.jpg,No,Yes
Flathead catfish,Pylodictis olivaris,https://upload.wikimedia.org/wikipedia/commons/thumb/8/84/Pylodictis_olivaris.jpg/120px-Pylodictis_olivaris.jpg,Yes,No
Flier,Centrarchus macropterus,https://upload.wikimedia.org/wikipedia/commons/thumb/4/44/Centrarchus_macropterus_%281%29.jpg/120px-Centrarchus_macropterus_%281%29.jpg,Yes,No
Florida bass,Micropterus floridanus,https://upload.wikimedia.org/wikipedia/commons/thumb/6/69/Florida_bass.jpg/120px-Florida_bass.jpg,Yes,No
Florida blenny,Chasmodes saburrae,,No,Yes
Florida gar,Lepisosteus platyrhincus,https://upload.wikimedia.org/wikipedia/commons/thumb/1/10/Lepisosteus_platyrhincus.JPG/120px-Lepisosteus_platyrhincus.JPG,Yes,No
Florida pompano,Trachinotus carolinus,https://upload.wikimedia.org/wikipedia/commons/thumb/1/1d/Pompano_common.jpg/120px-Pompano_common.jpg,No,Yes
Flowerhorn cichlid,,https://upload.wikimedia.org/wikipedia/commons/thumb/c/ce/Gallery_19_68_148247.jpg/120px-Gallery_19_68_148247.jpg,Yes,No
Flying gurnard,Dactylopterus volitans,https://upload.wikimedia.org/wikipedia/commons/thumb/5/5f/Flughahn.jpg/120px-Flughahn.jpg,No,Yes
Foureye butterflyfish,Chaetodon capistratus,https://upload.wikimedia.org/wikipedia/commons/thumb/0/00/Chaetodon_capistratus1.jpg/120px-Chaetodon_capistratus1.jpg,No,Yes
Freckled cardinalfish,Phaeoptyx conklini,https://upload.wikimedia.org/wikipedia/commons/thumb/e/e8/Phaeoptyx_conklini_-_pone.0010676.g074.png/120px-Phaeoptyx_conklini_-_pone.0010676.g074.png,No,Yes
Freckled soapfish,Rypticus bistrispinus,https://upload.wikimedia.org/wikipedia/commons/thumb/2/29/Rypticus_bistrispinus.jpg/120px-Rypticus_bistrispinus.jpg,No,Yes
French angelfish,Pomacanthus paru,https://upload.wikimedia.org/wikipedia/commons/thumb/d/d9/Pomacanthus_paru3.jpg/120px-Pomacanthus_paru3.jpg,No,Yes
French grunt,Haemulon flavolineatum,https://upload.wikimedia.org/wikipedia/commons/thumb/3/3d/Haemulon_flavolineatum_French_grunt.jpg/120px-Haemulon_flavolineatum_French_grunt.jpg,No,Yes
Freshwater goby,Ctenogobius shufeldti,,No,Yes
Frilled shark,Chlamydoselachus anguineus,https://upload.wikimedia.org/wikipedia/commons/thumb/2/2b/Chlamydoselachus_anguineus_3.jpg/120px-Chlamydoselachus_anguineus_3.jpg,No,Yes
Frillfin goby,Bathygobius soporator,https://upload.wikimedia.org/wikipedia/commons/thumb/d/d4/Bathygobius_soporator_aka_Frillfin_Goby.jpg/120px-Bathygobius_soporator_aka_Frillfin_Goby.jpg,No,Yes
Fringed filefish,Monacanthus ciliatus,https://upload.wikimedia.org/wikipedia/commons/thumb/7/75/Monacanthus_ciliatus_-_pone.0010676.g193.png/120px-Monacanthus_ciliatus_-_pone.0010676.g193.png,No,Yes
Gafftopsail catfish,Bagre marinus,https://upload.wikimedia.org/wikipedia/commons/thumb/9/97/Bagre_marinus_%28line_art%29.jpg/120px-Bagre_marinus_%28line_art%29.jpg,No,Yes
Gag grouper,Mycteroperca microlepis,https://upload.wikimedia.org/wikipedia/commons/thumb/4/47/MycteropercaMicrolepis.jpg/120px-MycteropercaMicrolepis.jpg,No,Yes
Galapagos shark,Carcharhinus galapagensis,https://upload.wikimedia.org/wikipedia/commons/thumb/5/53/Carcharinus_galapagensis_1.jpg/120px-Carcharinus_galapagensis_1.jpg,No,Yes
Giant cichlid,Boulengerochromis microlepis,https://upload.wikimedia.org/wikipedia/commons/thumb/6/68/DKoehl_Boulengerochromis_microlepis.jpg/120px-DKoehl_Boulengerochromis_microlepis.jpg,Yes,No
Giant oarfish,Regalecus glesne,https://upload.wikimedia.org/wikipedia/commons/thumb/2/2a/Regalecus_glesne%2C_Naturhistorisches_Museum_Wien.jpg/120px-Regalecus_glesne%2C_Naturhistorisches_Museum_Wien.jpg,No,Yes
Glasseye snapper,Heteropriacanthus cruentatus,https://upload.wikimedia.org/wikipedia/commons/thumb/7/70/Priacanthus_cruentatus.jpg/120px-Priacanthus_cruentatus.jpg,No,Yes
Glassy sweeper,Pempheris schomburgkii,https://upload.wikimedia.org/wikipedia/commons/thumb/8/86/Glassy_sweeper_Pempheris_schomburgki_%282447874250%29.jpg/120px-Glassy_sweeper_Pempheris_schomburgki_%282447874250%29.jpg,No,Yes
Golden shiner,Notemigonus crysoleucas,https://upload.wikimedia.org/wikipedia/commons/thumb/2/22/Notemigonus_crysoleucas-1.jpg/120px-Notemigonus_crysoleucas-1.jpg,Yes,No
Golden topminnow,Fundulus chrysotus,https://upload.wikimedia.org/wikipedia/commons/thumb/6/65/Fundulus_chrysotus_UMFS_2.jpg/120px-Fundulus_chrysotus_UMFS_2.jpg,Yes,No
Golden tilefish,Lopholatilus chamaeleonticeps,https://upload.wikimedia.org/wikipedia/commons/thumb/b/b6/Lopholatilus_chamaeleonticeps2.jpg/120px-Lopholatilus_chamaeleonticeps2.jpg,No,Yes
Goldentail moray,Gymnothorax miliaris,https://upload.wikimedia.org/wikipedia/commons/thumb/c/c3/Goldentail_Moray.jpg/120px-Goldentail_Moray.jpg,No,Yes
Goldfish,Carassius auratus,https://upload.wikimedia.org/wikipedia/commons/thumb/e/e9/Goldfish3.jpg/120px-Goldfish3.jpg,Yes,No
Goldline blenny,Malacoctenus aurolineatus,,No,Yes
Goldspotted eel,Myrichthys ocellatus,https://upload.wikimedia.org/wikipedia/commons/thumb/e/ec/Myrichthys_ocellatus_-_pone.0010676.g018.png/120px-Myrichthys_ocellatus_-_pone.0010676.g018.png,No,Yes
Goliath grouper,Epinephelus itajara,https://upload.wikimedia.org/wikipedia/commons/thumb/c/cf/Itajara.JPG/120px-Itajara.JPG,No,Yes
Grass carp,Ctenopharyngodon idella,https://upload.wikimedia.org/wikipedia/commons/thumb/b/b9/Ctenopharyngodon_idella_01_Pengo.jpg/120px-Ctenopharyngodon_idella_01_Pengo.jpg,Yes,No
Grass porgy,Calamus arctifrons,https://upload.wikimedia.org/wikipedia/commons/thumb/5/57/FMIB_33954_Calamus_Arctifrons_Goode_and_Bean.jpeg/120px-FMIB_33954_Calamus_Arctifrons_Goode_and_Bean.jpeg,No,Yes
Gray angelfish,Pomacanthus arcuatus,https://upload.wikimedia.org/wikipedia/commons/thumb/5/50/Gray_angelfish.jpg/120px-Gray_angelfish.jpg,No,Yes
Gray snapper,Lutjanus griseus,https://upload.wikimedia.org/wikipedia/commons/thumb/6/6b/Grey_snapper_-_Lutjanus_griseus.jpg/120px-Grey_snapper_-_Lutjanus_griseus.jpg,No,Yes
Graysby,Cephalopholis cruentata,https://upload.wikimedia.org/wikipedia/commons/thumb/5/55/Graysby3.jpg/120px-Graysby3.jpg,No,Yes
Great barracuda,Sphyraena barracuda,https://upload.wikimedia.org/wikipedia/commons/thumb/e/eb/Barracuda_laban.jpg/120px-Barracuda_laban.jpg,No,Yes
Great hammerhead,Sphyrna mokarran,https://upload.wikimedia.org/wikipedia/commons/thumb/0/01/Sphyrna_mokarran_at_georgia.jpg/120px-Sphyrna_mokarran_at_georgia.jpg,No,Yes
Great white shark,Carcharodon carcharias,https://upload.wikimedia.org/wikipedia/commons/thumb/5/56/White_shark.jpg/120px-White_shark.jpg,No,Yes
Greater amberjack,Seriola dumerili,https://upload.wikimedia.org/wikipedia/commons/thumb/4/49/Seriola_dumerili_by_NPS_1.jpg/120px-Seriola_dumerili_by_NPS_1.jpg,No,Yes
Greater soapfish,Rypticus saponaceus,https://upload.wikimedia.org/wikipedia/commons/thumb/5/57/Rypticus_saponaceus.jpg/120px-Rypticus_saponaceus.jpg,No,Yes
Green moray,Gymnothorax funebris,https://upload.wikimedia.org/wikipedia/commons/thumb/3/33/GreenMorayEel.JPG/120px-GreenMorayEel.JPG,No,Yes
Green razorfish,Xyrichtys splendens,https://upload.wikimedia.org/wikipedia/commons/thumb/1/14/Xyrichtys_splendens_-_pone.0010676.g126.png/120px-Xyrichtys_splendens_-_pone.0010676.g126.png,No,Yes
Green sunfish,Lepomis cyanellus,https://upload.wikimedia.org/wikipedia/commons/thumb/f/f7/Lepomis_cyanellus_Raver.jpg/120px-Lepomis_cyanellus_Raver.jpg,Yes,No
Green swordtail,Xiphophorus hellerii,https://upload.wikimedia.org/wikipedia/commons/thumb/1/14/Xiphophorus_helleri_03.jpg/120px-Xiphophorus_helleri_03.jpg,Yes,No
Greenblotch parrotfish,Sparisoma atomarium,https://upload.wikimedia.org/wikipedia/commons/thumb/8/88/Sparisoma_atomarium.jpg/120px-Sparisoma_atomarium.jpg,No,Yes
Grey triggerfish,Balistes capriscus,https://upload.wikimedia.org/wikipedia/commons/thumb/3/38/Madeira_Dr%C3%BCckerfisch_K%C3%BCste_Funchal_5-07.JPG/120px-Madeira_Dr%C3%BCckerfisch_K%C3%BCste_Funchal_5-07.JPG,No,Yes
Gulf flounder,Paralichthys albigutta,https://upload.wikimedia.org/wikipedia/commons/thumb/3/33/A_Gulf_flounder_fish.jpg/120px-A_Gulf_flounder_fish.jpg,No,Yes
Gulf killifish,Fundulus grandis,https://upload.wikimedia.org/wikipedia/commons/thumb/2/25/Fundulus_grandis.jpg/120px-Fundulus_grandis.jpg,No,Yes
Gulf kingfish,Menticirrhus littoralis,,No,Yes
Gulf menhaden,Brevoortia patronus,https://upload.wikimedia.org/wikipedia/commons/thumb/f/f0/B.patronus.JPG/120px-B.patronus.JPG,No,Yes
Gulf of Mexico fringed sole,Gymnachirus texae,https://upload.wikimedia.org/wikipedia/commons/thumb/b/ba/Gymnachirus_texae.jpg/120px-Gymnachirus_texae.jpg,No,Yes
Gulf pipefish,Syngnathus scovelli,,No,Yes
Gulf sturgeon,Acipenser oxyrinchus desotoi,https://upload.wikimedia.org/wikipedia/commons/thumb/2/2c/Acipenser_oxyrinchus_desotoi-2.jpg/120px-Acipenser_oxyrinchus_desotoi-2.jpg,Yes,Yes
Gulf surgeonfish,Acanthurus randalli,,No,Yes
Gulf toadfish,Opsanus beta,https://upload.wikimedia.org/wikipedia/commons/thumb/4/4a/Gulf_toadfish_aka_Opsanus_beta.jpg/120px-Gulf_toadfish_aka_Opsanus_beta.jpg,No,Yes
Guppy,Poecilia reticulata,https://upload.wikimedia.org/wikipedia/commons/thumb/a/a2/Guppy_pho_0048.jpg/120px-Guppy_pho_0048.jpg,Yes,No
Hairy blenny,Labrisomus nuchipinnis,https://upload.wikimedia.org/wikipedia/commons/thumb/1/14/Labrisomus_nuchipinnis_Castelnau.jpg/120px-Labrisomus_nuchipinnis_Castelnau.jpg,No,Yes
Hamlet,Hypoplectrus,https://upload.wikimedia.org/wikipedia/commons/thumb/f/f7/Hypoplectrus_%2810.3897-zookeys.882.38449%29_Figure_14.jpg/120px-Hypoplectrus_%2810.3897-zookeys.882.38449%29_Figure_14.jpg,No,Yes
Hardhead catfish,Arius felis,https://upload.wikimedia.org/wikipedia/commons/thumb/0/03/Arius_felis.jpg/120px-Arius_felis.jpg,No,Yes
Harlequin bass,Serranus tigrinus,https://upload.wikimedia.org/wikipedia/commons/thumb/3/30/Harlequin_Bass_%28Serranus_tigrinus%29.jpg/120px-Harlequin_Bass_%28Serranus_tigrinus%29.jpg,No,Yes
High-hat,Pareques acuminatus,https://upload.wikimedia.org/wikipedia/commons/thumb/d/de/Pareques_acuminatus.jpg/120px-Pareques_acuminatus.jpg,No,Yes
Highfin carpsucker,Carpiodes velifer,,Yes,No
Hickory shad,Alosa mediocris,https://upload.wikimedia.org/wikipedia/commons/thumb/6/6f/Alosa_mediocris_%28S0512%29_%2812599883825%29.jpg/120px-Alosa_mediocris_%28S0512%29_%2812599883825%29.jpg,Yes,Yes
Hogchoker,Trinectes maculatus,https://upload.wikimedia.org/wikipedia/commons/thumb/9/92/Hogchoker_%28Trinectes_maculatus%29.jpg/120px-Hogchoker_%28Trinectes_maculatus%29.jpg,Yes,Yes
Hogfish,Lachnolaimus maximus,https://upload.wikimedia.org/wikipedia/commons/thumb/6/62/Hogfish.JPG/120px-Hogfish.JPG,No,Yes
Honeycomb moray,Muraena melanotis,,No,Yes
Horned searobin,Bellator militaris,https://upload.wikimedia.org/wikipedia/commons/thumb/7/7f/Horned_searobin_%28_Bellator_militaris_%29.jpg/120px-Horned_searobin_%28_Bellator_militaris_%29.jpg,No,Yes
Horse-eye jack,Caranx latus,https://upload.wikimedia.org/wikipedia/commons/thumb/6/6b/Horse_eye_jack_1.jpg/120px-Horse_eye_jack_1.jpg,No,Yes
Houndfish,Tylosurus crocodilus,https://upload.wikimedia.org/wikipedia/commons/thumb/f/fd/Tylosurus_crocodilus.jpg/120px-Tylosurus_crocodilus.jpg,No,Yes
Hovering goby,Valenciennea,,No,Yes
Humpback grouper,Cromileptes altivelis,https://upload.wikimedia.org/wikipedia/commons/thumb/0/0b/Cromileptes_altivelis_skansen_2006.jpg/120px-Cromileptes_altivelis_skansen_2006.jpg,No,Yes
Hybrid striped bass,Morone chrysops × Morone saxatilis,https://upload.wikimedia.org/wikipedia/en/thumb/d/d5/Hybrid_Striped_Bass.jpg/120px-Hybrid_Striped_Bass.jpg,Yes,No
Indigo Hamlet,Hypoplectrus indigo,https://upload.wikimedia.org/wikipedia/commons/thumb/8/80/Indigo_Hamlet.JPG/120px-Indigo_Hamlet.JPG,No,Yes
Inshore lizardfish,Synodus foetens,https://upload.wikimedia.org/wikipedia/commons/thumb/c/ca/Fish4494_-_Flickr_-_NOAA_Photo_Library.jpg/120px-Fish4494_-_Flickr_-_NOAA_Photo_Library.jpg,No,Yes
Jack Dempsey,Rocio octafasciata,https://upload.wikimedia.org/wikipedia/commons/thumb/7/74/Cichlasoma_octofasciata.jpg/120px-Cichlasoma_octofasciata.jpg,Yes,No
Jack-knifefish,Equetus lanceolatus,https://upload.wikimedia.org/wikipedia/commons/thumb/f/fd/Equetus_lanceolatus.jpg/120px-Equetus_lanceolatus.jpg,No,Yes
Jaguar guapote,Parachromis managuensis,https://upload.wikimedia.org/wikipedia/commons/thumb/c/c4/Parachromis_managuensis_2012_G1.jpg/120px-Parachromis_managuensis_2012_G1.jpg,Yes,No
Jewel fish,Hemichromis letourneuxi,https://upload.wikimedia.org/wikipedia/commons/thumb/8/85/Hemichromis_letourneauxi.jpg/120px-Hemichromis_letourneauxi.jpg,Yes,No
Jolthead porgy,Calamus bajonado,https://upload.wikimedia.org/wikipedia/commons/thumb/9/96/Calamus_bajonado.jpg/120px-Calamus_bajonado.jpg,No,Yes
Keel-jawed needlefish,Tylosurus acus,,No,Yes
Keeltail needlefish,Platybelone argalus,https://upload.wikimedia.org/wikipedia/commons/thumb/e/e7/Keeltail_needlefish.png/120px-Keeltail_needlefish.png,No,Yes
Key brotula,Ogilbia cayorum,https://upload.wikimedia.org/wikipedia/commons/thumb/f/f7/FMIB_39775_Ogilbia_cayorum%2C_new_species.jpeg/120px-FMIB_39775_Ogilbia_cayorum%2C_new_species.jpeg,No,Yes
King mackerel,Scomberomorus cavalla,https://upload.wikimedia.org/wikipedia/commons/thumb/4/40/Scomberomorus_cavalla.png/120px-Scomberomorus_cavalla.png,No,Yes
Knobbed porgy,Calamus nodosus,https://upload.wikimedia.org/wikipedia/commons/thumb/7/74/Calamus_nodosus_%2810.3897-zookeys.882.38449%29_Figure_6.jpg/120px-Calamus_nodosus_%2810.3897-zookeys.882.38449%29_Figure_6.jpg,No,Yes
Koi,Cyprinus rubrofuscus var. "koi",https://upload.wikimedia.org/wikipedia/commons/thumb/9/90/Six_koi.jpg/120px-Six_koi.jpg,Yes,No
Kōhaku,Cyprinus rubrofuscus var. Kōhaku,https://upload.wikimedia.org/wikipedia/commons/thumb/7/7c/Kohaku.jpg/120px-Kohaku.jpg,Yes,No
Ladyfish,Elops saurus,https://upload.wikimedia.org/wikipedia/commons/thumb/3/34/Ladyfish_-_NO_Autoban_Aquarium.jpg/120px-Ladyfish_-_NO_Autoban_Aquarium.jpg,No,Yes
Lagoon triggerfish,Rhinecanthus aculeatus,https://upload.wikimedia.org/wikipedia/commons/thumb/b/b8/Picasso.triggerfish.arp.jpg/120px-Picasso.triggerfish.arp.jpg,No,Yes
Lake chubsucker,Erimyzon sucetta,https://upload.wikimedia.org/wikipedia/commons/thumb/c/ca/Erimyzon_sucetta.jpg/120px-Erimyzon_sucetta.jpg,Yes,No
Lancer dragonet,Paradiplogrammus bairdi,https://upload.wikimedia.org/wikipedia/commons/thumb/7/72/Paradiplogrammus_bairdi_-_pone.0010676.g162.png/120px-Paradiplogrammus_bairdi_-_pone.0010676.g162.png,No,Yes
Lane snapper,Lutjanus synagris,https://upload.wikimedia.org/wikipedia/commons/thumb/2/25/Lutjanus_synagris.jpg/120px-Lutjanus_synagris.jpg,No,Yes
Lantern bass,Serranus baldwini,https://upload.wikimedia.org/wikipedia/commons/thumb/4/46/Serranidae_-_Serranus_baldwini.JPG/120px-Serranidae_-_Serranus_baldwini.JPG,No,Yes
Largehead hairtail,Trichiurus lepturus,https://upload.wikimedia.org/wikipedia/commons/thumb/7/75/Trichiurus_lepturus_by_OpenCage.jpg/120px-Trichiurus_lepturus_by_OpenCage.jpg,No,Yes
Largemouth Bass,Micropterus salmoides,https://upload.wikimedia.org/wikipedia/commons/thumb/2/29/Largemouth.JPG/120px-Largemouth.JPG,Yes,No
Least killifish,Heterandria formosa,https://upload.wikimedia.org/wikipedia/commons/thumb/e/ea/Least_killifish_female_Heterandria_formosa.jpg/120px-Least_killifish_female_Heterandria_formosa.jpg,Yes,Yes
Least puffer,Sphoeroides parvus,https://upload.wikimedia.org/wikipedia/commons/thumb/1/13/Sphoeroides_parvus.jpg/120px-Sphoeroides_parvus.jpg,No,Yes
Leatherjack,Oligoplites saurus,https://upload.wikimedia.org/wikipedia/commons/thumb/f/f6/Oligoplites_saurus.11B.jpg/120px-Oligoplites_saurus.11B.jpg,No,Yes
Lebranche mullet,Mugil liza,https://upload.wikimedia.org/wikipedia/commons/thumb/9/92/Mugil_Liza.jpeg/120px-Mugil_Liza.jpeg,No,Yes
Lemon shark,Negaprion brevirostris,https://upload.wikimedia.org/wikipedia/en/thumb/5/55/Lemonshark.JPG/120px-Lemonshark.JPG,No,Yes
Leopard goby,Tigrigobius saucrum,,No,Yes
Lesser electric ray,Narcine bancroftii,https://upload.wikimedia.org/wikipedia/commons/thumb/b/b7/Fish4345_-_Flickr_-_NOAA_Photo_Library.jpg/120px-Fish4345_-_Flickr_-_NOAA_Photo_Library.jpg,No,Yes
Lichen moray eel,Gymnothorax hubbsi,,No,Yes
Lined seahorse,Hippocampus erectus,https://upload.wikimedia.org/wikipedia/commons/thumb/b/bf/Lined_Seahorse-_Hippocampus_erectus_%286042886100%29.jpg/120px-Lined_Seahorse-_Hippocampus_erectus_%286042886100%29.jpg,No,Yes
Lined sole,Achirus lineatus,https://upload.wikimedia.org/wikipedia/commons/thumb/6/62/Achirus_lineatus_SI.jpg/120px-Achirus_lineatus_SI.jpg,Yes,Yes
Little tunny,Euthynnus alletteratus,https://upload.wikimedia.org/wikipedia/commons/thumb/b/b1/Euall_u0.gif/120px-Euall_u0.gif,No,Yes
Longbill spearfish,Tetrapturus pfluegeri,,No,Yes
Longear sunfish,Lepomis megalotis,https://upload.wikimedia.org/wikipedia/commons/thumb/f/f5/Lepomis_megalotis2.jpg/120px-Lepomis_megalotis2.jpg,Yes,No
Longfin damselfish,Stegastes diencaeus,https://upload.wikimedia.org/wikipedia/commons/thumb/9/9c/Does_nature%27s_pallete....jpg/120px-Does_nature%27s_pallete....jpg,No,Yes
Longfin mako shark,Isurus paucus,https://upload.wikimedia.org/wikipedia/commons/thumb/e/e1/Isurus_paucus.jpg/120px-Isurus_paucus.jpg,No,Yes
Longjaw squirrelfish,Neoniphon marianus,https://upload.wikimedia.org/wikipedia/commons/thumb/0/0b/Neoniphon_marianus.jpg/120px-Neoniphon_marianus.jpg,No,Yes
Longlure frogfish,Antennarius multiocellatus,https://upload.wikimedia.org/wikipedia/commons/thumb/1/1b/6903_aquaimages.jpg/120px-6903_aquaimages.jpg,No,Yes
Longnose gar,Lepisosteus osseus,https://upload.wikimedia.org/wikipedia/commons/thumb/a/a6/Longnose_gar%2C_Boston_Aquarium.JPG/120px-Longnose_gar%2C_Boston_Aquarium.JPG,Yes,No
Longsnout butterflyfish,Forcipiger flavissimus,https://upload.wikimedia.org/wikipedia/commons/thumb/0/0e/Forcipiger_flavissimus_Yellow_Longnose_Butterflyfish_Papua_New_Guinea_by_Nick_Hobgood.jpg/120px-Forcipiger_flavissimus_Yellow_Longnose_Butterflyfish_Papua_New_Guinea_by_Nick_Hobgood.jpg,No,Yes
Longspine squirrelfish,Holocentrus rufus,https://upload.wikimedia.org/wikipedia/commons/thumb/8/84/Holocentrus_rufus.jpg/120px-Holocentrus_rufus.jpg,No,Yes
Lookdown,Selene vomer,https://upload.wikimedia.org/wikipedia/commons/thumb/7/77/Lookdown25.jpg/120px-Lookdown25.jpg,No,Yes
Lyre goby,Evorthodus lyricus,,No,Yes
Mahi-mahi,Coryphaena hippurus,https://upload.wikimedia.org/wikipedia/commons/thumb/d/d2/Coryphaena_hippurus.png/120px-Coryphaena_hippurus.png,No,Yes
Mahogany snapper,Lutjanus mahogoni,https://upload.wikimedia.org/wikipedia/commons/thumb/4/44/Mahogany_snapper_Lutjanus_mahogoni_%283458475349%29.jpg/120px-Mahogany_snapper_Lutjanus_mahogoni_%283458475349%29.jpg,No,Yes
Man-of-war fish,Nomeus gronovii,https://upload.wikimedia.org/wikipedia/commons/thumb/5/57/Man-of-war-fish.jpg/120px-Man-of-war-fish.jpg,No,Yes
Manta ray,Manta birostris,https://upload.wikimedia.org/wikipedia/commons/thumb/d/df/Manta_birostris-Thailand4.jpg/120px-Manta_birostris-Thailand4.jpg,No,Yes
Manytooth conger,Conger triporiceps,,No,Yes
Marbled grouper,Dermatolepis inermis,https://upload.wikimedia.org/wikipedia/commons/thumb/b/b7/Sanc0498_-_Flickr_-_NOAA_Photo_Library.jpg/120px-Sanc0498_-_Flickr_-_NOAA_Photo_Library.jpg,No,Yes
Marbled moray,Uropterygius macularius,,No,Yes
Marbled puffer,Sphoeroides dorsalis,https://upload.wikimedia.org/wikipedia/commons/thumb/4/41/Sphoeroides_dorsalis.jpg/120px-Sphoeroides_dorsalis.jpg,No,Yes
Margate,Haemulon album,https://upload.wikimedia.org/wikipedia/commons/thumb/5/51/Haemulon_album.jpg/120px-Haemulon_album.jpg,No,Yes
Masked puffer,Arothron diadematus,https://upload.wikimedia.org/wikipedia/commons/thumb/9/9d/Masked_puffer_arothron_diadematus.jpg/120px-Masked_puffer_arothron_diadematus.jpg,No,Yes
Mayan cichlid,Mayaheros urophthalmus,https://upload.wikimedia.org/wikipedia/commons/thumb/8/8f/Mayan10a.jpg/120px-Mayan10a.jpg,Yes,No
Megamouth shark,Megachasma pelagios,https://upload.wikimedia.org/wikipedia/commons/thumb/1/14/Megamouth_shark_Megachasma_pelagios.jpg/120px-Megamouth_shark_Megachasma_pelagios.jpg,No,Yes
Mekong giant catfish,Pangasianodon gigas,https://upload.wikimedia.org/wikipedia/commons/thumb/b/ba/AquatottoGifu_mekonoonamazu.jpg/120px-AquatottoGifu_mekonoonamazu.jpg,Yes,No
Metallic lanternfish,Myctophum affine,https://upload.wikimedia.org/wikipedia/commons/thumb/4/4b/Myctophum_affine.jpg/120px-Myctophum_affine.jpg,No,Yes
Midas cichlid,Amphilophus citrinellus,https://upload.wikimedia.org/wikipedia/commons/thumb/4/4d/Amphilophus_citrinellus_2015_G5.jpg/120px-Amphilophus_citrinellus_2015_G5.jpg,Yes,No
Midnight parrotfish,Scarus coelestinus,https://upload.wikimedia.org/wikipedia/commons/thumb/3/3c/Midnight-parrotfish.png/120px-Midnight-parrotfish.png,No,Yes
Mirrorwing flyingfish,Hirundichthys speculiger,,No,Yes
Misty grouper,Hyporthodus mystacinus,,No,Yes
Molly miller,Scartella cristata,https://upload.wikimedia.org/wikipedia/commons/thumb/a/ab/Scartella_cristata_25-09-07_DSCF1035.jpg/120px-Scartella_cristata_25-09-07_DSCF1035.jpg,No,Yes
Mottled conger moray,Enchelycore nigricans,https://upload.wikimedia.org/wikipedia/commons/thumb/2/2f/Enchelycore_nigricans.jpg/120px-Enchelycore_nigricans.jpg,No,Yes
Mottled jawfish,Opistognathus maxillosus,,No,Yes
Mozambique Tilapia,Oreochromis mossambicus,https://upload.wikimedia.org/wikipedia/commons/thumb/d/dd/Oreochromis_mossambicus.JPG/120px-Oreochromis_mossambicus.JPG,Yes,No
Mummichog,Fundulus heteroclitus,https://upload.wikimedia.org/wikipedia/commons/thumb/3/3a/Mummichog.jpg/120px-Mummichog.jpg,Yes,No
Mushroom scorpionfish,Scorpaena inermis,https://upload.wikimedia.org/wikipedia/commons/thumb/8/87/Scorpaena_inermis_-_pone.0010676.g042.png/120px-Scorpaena_inermis_-_pone.0010676.g042.png,No,Yes
Mutton hamlet,Alphestes afer,https://upload.wikimedia.org/wikipedia/commons/thumb/9/99/FMIB_38084_Alphestes_chloropterus_%28Cuvier_%26_Valenciennes%29_%27Cherna%27%3B_Guaseta.jpeg/120px-FMIB_38084_Alphestes_chloropterus_%28Cuvier_%26_Valenciennes%29_%27Cherna%27%3B_Guaseta.jpeg,No,Yes
Mutton snapper,Lutjanus analis,https://upload.wikimedia.org/wikipedia/commons/thumb/1/1d/Lutjanus_analis_SI.jpg/120px-Lutjanus_analis_SI.jpg,No,Yes
Naked sole,Gymnachirus nudus,,No,Yes
Nassau grouper,Epinephelus striatus,https://upload.wikimedia.org/wikipedia/commons/thumb/2/2e/NassauGrouper.jpg/120px-NassauGrouper.jpg,No,Yes
Neon goby,Elacatinus evelynae,https://upload.wikimedia.org/wikipedia/commons/thumb/5/5c/Elacatinus_evelynae.jpg/120px-Elacatinus_evelynae.jpg,No,Yes
Neon tetra,Paracheirodon innesi,https://upload.wikimedia.org/wikipedia/commons/thumb/9/97/Neonsalmler_Paracheirodon_innesi.jpg/120px-Neonsalmler_Paracheirodon_innesi.jpg,Yes,No
Night sergeant,Abudefduf taurus,,No,Yes
Night shark,Carcharhinus signatus,https://upload.wikimedia.org/wikipedia/commons/thumb/d/d1/Carcharhinus_signatus_nmfs.jpg/120px-Carcharhinus_signatus_nmfs.jpg,No,Yes
Nile perch,Lates niloticus,https://upload.wikimedia.org/wikipedia/commons/thumb/5/59/Lates_niloticus_1923.jpg/120px-Lates_niloticus_1923.jpg,Yes,No
Nile tilapia,Oreochromis niloticus,https://upload.wikimedia.org/wikipedia/commons/thumb/b/b3/Oreochromis-niloticus-Nairobi.JPG/120px-Oreochromis-niloticus-Nairobi.JPG,Yes,No
Northern puffer,Sphoeroides maculatus,https://upload.wikimedia.org/wikipedia/commons/thumb/6/65/Northern_Puffer_in_aquarium.jpg/120px-Northern_Puffer_in_aquarium.jpg,No,Yes
Northern snakehead,Channa argus,https://upload.wikimedia.org/wikipedia/commons/thumb/0/0f/Northern_snakehead.jpg/120px-Northern_snakehead.jpg,Yes,No
Nurse shark,Ginglymostoma cirratum,https://upload.wikimedia.org/wikipedia/commons/thumb/d/d1/Nurse_shark.jpg/120px-Nurse_shark.jpg,No,Yes
Ocean sunfish,Mola mola,https://upload.wikimedia.org/wikipedia/commons/thumb/8/84/Sunfish2.jpg/120px-Sunfish2.jpg,No,Yes
Ocean surgeon,Acanthurus bahianus,https://upload.wikimedia.org/wikipedia/commons/thumb/5/5d/Ocean_Surgeonfish_%28Acanthurus_bahianus%29.jpg/120px-Ocean_Surgeonfish_%28Acanthurus_bahianus%29.jpg,No,Yes
Ocean triggerfish,Canthidermis maculata,https://upload.wikimedia.org/wikipedia/commons/thumb/c/cd/XRF-Canthidermis_maculata.png/120px-XRF-Canthidermis_maculata.png,No,Yes
Oceanic whitetip shark,Carcharhinus longimanus,https://upload.wikimedia.org/wikipedia/commons/thumb/2/24/Oceanic_Whitetip_Shark.png/120px-Oceanic_Whitetip_Shark.png,No,Yes
Ocellated flounder,Ancylopsetta ommata,https://upload.wikimedia.org/wikipedia/commons/thumb/4/48/Ocellated_flounder_%28_Ancylopsetta_ommata_%29.jpg/120px-Ocellated_flounder_%28_Ancylopsetta_ommata_%29.jpg,No,Yes
Ocellated frogfish,Fowlerichthys ocellatus,https://upload.wikimedia.org/wikipedia/commons/thumb/0/06/Frogfish_ocellated.jpg/120px-Frogfish_ocellated.jpg,No,Yes
Ocellated moray,Gymnothorax saxicola,https://upload.wikimedia.org/wikipedia/commons/thumb/c/c9/Gymnothorax_saxicola.jpg/120px-Gymnothorax_saxicola.jpg,No,Yes
Okefenokee pygmy sunfish,Elassoma okefenokee,https://upload.wikimedia.org/wikipedia/commons/thumb/9/9d/Elassoma_okefenokee_male.png/120px-Elassoma_okefenokee_male.png,Yes,No
Orange-spine surgeonfish,Naso lituratus,https://upload.wikimedia.org/wikipedia/commons/thumb/6/6f/Naso_lituratus_Gratwicke.jpg/120px-Naso_lituratus_Gratwicke.jpg,No,Yes
Orangespotted filefish,Cantherhines pullus,https://upload.wikimedia.org/wikipedia/commons/thumb/0/02/Orangespotted_filefish_Cantherhines_pullus_%283475245666%29.jpg/120px-Orangespotted_filefish_Cantherhines_pullus_%283475245666%29.jpg,No,Yes
Orangespotted goby,Nes longus,,No,Yes
Orinoco peacock bass,Cichla orinocensis,https://upload.wikimedia.org/wikipedia/commons/thumb/8/85/Pesca_Esportiva_na_Amaz%C3%B4nia_16.JPG/120px-Pesca_Esportiva_na_Amaz%C3%B4nia_16.JPG,Yes,No
Orinoco sailfin catfish,Pterygoplichthys multiradiatus,https://upload.wikimedia.org/wikipedia/commons/thumb/0/03/Liposarcus_multiradiatus_01_ssj_20050321.jpg/120px-Liposarcus_multiradiatus_01_ssj_20050321.jpg,Yes,No
Oscar,Astronotus ocellatus,https://upload.wikimedia.org/wikipedia/commons/thumb/0/08/Astronotus_ocellatus.jpg/120px-Astronotus_ocellatus.jpg,Yes,No
Oyster toadfish,Opsanus tau,https://upload.wikimedia.org/wikipedia/commons/thumb/9/91/OysterToadfish.jpeg/120px-OysterToadfish.jpeg,No,Yes
Butterfly Peacock bass,Cichla ocellaris,https://upload.wikimedia.org/wikipedia/commons/thumb/5/50/Cichla_ocellaris_Dvur_zoo_1.jpg/120px-Cichla_ocellaris_Dvur_zoo_1.jpg,Yes,No
Peacock grouper,Cephalopholis argus,https://upload.wikimedia.org/wikipedia/commons/thumb/3/34/Blue-spotted.grouper.arp.jpg/120px-Blue-spotted.grouper.arp.jpg,No,Yes
Pearl cichlid,Geophagus brasiliensis,https://upload.wikimedia.org/wikipedia/commons/thumb/d/d3/Geophagus_brasiliensis.jpg/120px-Geophagus_brasiliensis.jpg,Yes,No
Permit,Trachinotus falcatus,https://upload.wikimedia.org/wikipedia/commons/thumb/6/69/Trachinotus_falcatus.jpg/120px-Trachinotus_falcatus.jpg,Yes,Yes
Pigfish (Redmouth grunt),Orthopristis chrysoptera,https://upload.wikimedia.org/wikipedia/commons/thumb/6/64/Orthopristis_chrysoptera.jpg/120px-Orthopristis_chrysoptera.jpg,No,Yes
Pike topminnow,Belonesox belizanus,https://upload.wikimedia.org/wikipedia/commons/thumb/c/ca/Belonesox_belizanus_%28Wroclaw_zoo%29.JPG/120px-Belonesox_belizanus_%28Wroclaw_zoo%29.JPG,Yes,No
Pinfish,Lagodon rhomboides,https://upload.wikimedia.org/wikipedia/commons/thumb/2/26/20230606_Lagodon_rhomboides_%28cropped%29.jpg/120px-20230606_Lagodon_rhomboides_%28cropped%29.jpg,No,Yes
Pirambeba,Serrasalmus humeralis,https://upload.wikimedia.org/wikipedia/commons/thumb/e/e9/Serrasalmus_humeralis.jpg/120px-Serrasalmus_humeralis.jpg,Yes,No
Pirarucu,Arapaima gigas,https://upload.wikimedia.org/wikipedia/commons/thumb/7/75/Arapaima_gigas_captivity.jpg/120px-Arapaima_gigas_captivity.jpg,Yes,No
Plate fish,Bothus lunatus,https://upload.wikimedia.org/wikipedia/commons/thumb/6/6d/Bothus_lunatus-StCroix.jpg/120px-Bothus_lunatus-StCroix.jpg,No,Yes
Polygon moray,Gymnothorax polygonius,https://upload.wikimedia.org/wikipedia/commons/thumb/e/e1/Gymnothorax_polygonius_-_pone.0010676.g010.png/120px-Gymnothorax_polygonius_-_pone.0010676.g010.png,No,Yes
Pompano dolphinfish,Coryphaena equiselis,https://upload.wikimedia.org/wikipedia/commons/thumb/1/18/Coryphaena_equiselis.jpg/120px-Coryphaena_equiselis.jpg,No,Yes
Porkfish,Anisotremus virginicus,https://upload.wikimedia.org/wikipedia/commons/thumb/1/1f/Anisotremus_virginicus_photo.jpg/120px-Anisotremus_virginicus_photo.jpg,No,Yes
Princess parrotfish,Scarus taeniopterus,https://upload.wikimedia.org/wikipedia/commons/thumb/c/cb/Princess-parrotfish.png/120px-Princess-parrotfish.png,No,Yes
Puddingwife wrasse,Halichoeres radiatus,https://upload.wikimedia.org/wikipedia/commons/thumb/1/1f/Halichoeres_radiatus2.jpg/120px-Halichoeres_radiatus2.jpg,No,Yes
Pumpkinseed,Lepomis gibbosus,https://upload.wikimedia.org/wikipedia/commons/thumb/e/eb/Lepomis_gibbosus_PAQ.jpg/120px-Lepomis_gibbosus_PAQ.jpg,Yes,No
Pugnose minnow,Opsopoeodus emiliae peninsularis,https://upload.wikimedia.org/wikipedia/commons/thumb/4/4a/Pugnose_minnow.jpg/120px-Pugnose_minnow.jpg,Yes,No
Purplemouth moray eel,Gymnothorax vicinus,https://upload.wikimedia.org/wikipedia/commons/thumb/1/15/Gymnothorax_vicinus_-_pone.0010676.g011.png/120px-Gymnothorax_vicinus_-_pone.0010676.g011.png,No,Yes
Queen angelfish,Holacanthus ciliaris,https://upload.wikimedia.org/wikipedia/commons/thumb/3/30/Holacanthus_ciliaris_2.jpg/120px-Holacanthus_ciliaris_2.jpg,No,Yes
Queen parrotfish,Scarus vetula,https://upload.wikimedia.org/wikipedia/commons/thumb/1/17/Scarus_vetula.jpg/120px-Scarus_vetula.jpg,No,Yes
Queen snapper,Etelis oculatus,https://upload.wikimedia.org/wikipedia/commons/thumb/e/ee/Etocu_u0.gif/120px-Etocu_u0.gif,No,Yes
Queen triggerfish,Balistes vetula,https://upload.wikimedia.org/wikipedia/commons/thumb/a/ae/4987_aquaimages.jpg/120px-4987_aquaimages.jpg,No,Yes
Quillback,Carpiodes cyprinus,https://upload.wikimedia.org/wikipedia/commons/thumb/8/80/Carpiodes_cyprinus_%28S0313%29_%2812599878075%29.jpg/120px-Carpiodes_cyprinus_%28S0313%29_%2812599878075%29.jpg,Yes,No
Rainbow parrotfish,Scarus guacamaia,https://upload.wikimedia.org/wikipedia/commons/thumb/f/f7/Rainbow_parrotfish.jpg/120px-Rainbow_parrotfish.jpg,No,Yes
Rainbow runner,Elagatis bipinnulata,https://upload.wikimedia.org/wikipedia/commons/thumb/3/3e/Rainbow_runner_3.jpg/120px-Rainbow_runner_3.jpg,No,Yes
Rainbow smelt,Osmerus mordax,https://upload.wikimedia.org/wikipedia/commons/thumb/f/f0/Osmerus_mordax.jpg/120px-Osmerus_mordax.jpg,Yes,Yes
Rainbow trout,Oncorhynchus mykiss,https://upload.wikimedia.org/wikipedia/commons/thumb/1/1d/Female_Rainbow_Trout_in_hand.JPG/120px-Female_Rainbow_Trout_in_hand.JPG,Yes,Yes
Red-bellied pacu,Piaractus brachypomus,https://upload.wikimedia.org/wikipedia/commons/thumb/b/b3/Red_Pacu.JPG/120px-Red_Pacu.JPG,Yes,No
Red-bellied piranha,Pygocentrus nattereri,https://upload.wikimedia.org/wikipedia/commons/thumb/c/cd/Gregory_Moine_-_Red_bellied_Piranha_%28by%29.jpg/120px-Gregory_Moine_-_Red_bellied_Piranha_%28by%29.jpg,Yes,No
Red devil cichlid,Amphilophus labiatus,https://upload.wikimedia.org/wikipedia/commons/thumb/7/75/HerosLabiatusJury.jpg/120px-HerosLabiatusJury.jpg,Yes,No
Red drum,Sciaenops ocellatus,https://upload.wikimedia.org/wikipedia/commons/thumb/7/71/Channelbass.jpg/120px-Channelbass.jpg,No,Yes
Red grouper,Epinephelus morio,https://upload.wikimedia.org/wikipedia/commons/thumb/2/22/Epinephelus_morio.jpg/120px-Epinephelus_morio.jpg,No,Yes
Red hind,Epinephelus guttatus,https://upload.wikimedia.org/wikipedia/commons/thumb/9/97/Epinephelus_guttatus_-_pone.0010676.g050.png/120px-Epinephelus_guttatus_-_pone.0010676.g050.png,No,Yes
Red lionfish,Pterois volitans,https://upload.wikimedia.org/wikipedia/commons/thumb/b/bf/Pterois_volitans_Manado-e_edit.jpg/120px-Pterois_volitans_Manado-e_edit.jpg,No,Yes
Red porgy,Pagrus pagrus,https://upload.wikimedia.org/wikipedia/commons/thumb/0/06/Pagrus_pagrus.jpg/120px-Pagrus_pagrus.jpg,No,Yes
Red shiner,Cyprinella lutrensis,https://upload.wikimedia.org/wikipedia/commons/thumb/e/e8/Red_shiner.JPG/120px-Red_shiner.JPG,Yes,No
Red snapper,Lutjanus campechanus,https://upload.wikimedia.org/wikipedia/commons/thumb/8/8b/Lutjanus_campechanus.png/120px-Lutjanus_campechanus.png,No,Yes
Red-striped eartheater,Geophagus surinamensis,https://upload.wikimedia.org/wikipedia/commons/thumb/3/3b/Geophagus_surinamensis1.jpg/120px-Geophagus_surinamensis1.jpg,Yes,No
Redband parrotfish,Sparisoma aurofrenatum,https://upload.wikimedia.org/wikipedia/commons/thumb/c/c6/Sparisoma_aurofrenatum_-_pone.0010676.g133.png/120px-Sparisoma_aurofrenatum_-_pone.0010676.g133.png,No,Yes
Redbelly tilapia,Coptodon zillii,https://upload.wikimedia.org/wikipedia/commons/thumb/2/21/Tizil_u0.gif/120px-Tizil_u0.gif,Yes,No
Redbreast sunfish,Lepomis auritus,https://upload.wikimedia.org/wikipedia/commons/thumb/d/d5/Redbreasted_Sunfish_-_Lepomis_auritus_from_Maryland.jpg/120px-Redbreasted_Sunfish_-_Lepomis_auritus_from_Maryland.jpg,Yes,No
Redbreast tilapia,Coptodon rendalli,https://upload.wikimedia.org/wikipedia/commons/thumb/3/34/Tilapia_rendalli.jpg/120px-Tilapia_rendalli.jpg,Yes,No
Redear sunfish,Lepomis microlophus,https://upload.wikimedia.org/wikipedia/commons/thumb/3/36/Redearsunfishnctc.jpg/120px-Redearsunfishnctc.jpg,Yes,No
Redface eel,Monopenchelys acuta,https://upload.wikimedia.org/wikipedia/commons/thumb/2/29/Monopenchelys_acuta_-_pone.0010676.g012.png/120px-Monopenchelys_acuta_-_pone.0010676.g012.png,No,Yes
Redfin needlefish,Strongylura notata notata,,No,Yes
Redlip blenny,Ophioblennius atlanticus,https://upload.wikimedia.org/wikipedia/commons/thumb/7/77/Ophioblennius_atlanticus.jpg/120px-Ophioblennius_atlanticus.jpg,No,Yes
Redtail catfish,Phractocephalus hemioliopterus,https://upload.wikimedia.org/wikipedia/commons/thumb/d/df/Phractocephalus_hemioliopterus2.JPG/120px-Phractocephalus_hemioliopterus2.JPG,Yes,No
Redtail parrotfish,Sparisoma chrysopterum,https://upload.wikimedia.org/wikipedia/commons/thumb/5/51/Sparisoma_chrysopterum_-_pone.0010676.g135.png/120px-Sparisoma_chrysopterum_-_pone.0010676.g135.png,No,Yes
Reef scorpionfish,Scorpaenodes caribbaeus,https://upload.wikimedia.org/wikipedia/commons/thumb/4/46/Scorpaenodes_caribbaeus_-_pone.0010676.g044.png/120px-Scorpaenodes_caribbaeus_-_pone.0010676.g044.png,No,Yes
Reef squirrelfish,Sargocentron coruscum,https://upload.wikimedia.org/wikipedia/commons/thumb/e/e6/Sargocentron_coruscum_-_pone.0010676.g039.png/120px-Sargocentron_coruscum_-_pone.0010676.g039.png,No,Yes
Reef stonefish,Synanceia verrucosa,https://upload.wikimedia.org/wikipedia/commons/thumb/5/57/Stone_Fish_at_AQWA_SMC2006.jpg/120px-Stone_Fish_at_AQWA_SMC2006.jpg,No,Yes
Rio Grande Cichlid,Herichthys cyanoguttatum,https://upload.wikimedia.org/wikipedia/commons/thumb/2/25/Herichthys_cyanoguttatum_%28Rio_Grande_Cichlid%29.jpg/120px-Herichthys_cyanoguttatum_%28Rio_Grande_Cichlid%29.jpg,Yes,No
Rock bass,Ambloplites rupestris,https://upload.wikimedia.org/wikipedia/commons/thumb/1/14/Rock_Bass.jpg/120px-Rock_Bass.jpg,Yes,No
Rock beauty,Holacanthus tricolor,https://upload.wikimedia.org/wikipedia/commons/thumb/a/a2/Holacanthus_tricolor_1.jpg/120px-Holacanthus_tricolor_1.jpg,No,Yes
Rosy barb,Pethia conchonius,https://upload.wikimedia.org/wikipedia/commons/thumb/f/fe/Rosy_barb.jpg/120px-Rosy_barb.jpg,Yes,No
Rosy razorfish,Xyrichtys martinicensis,https://upload.wikimedia.org/wikipedia/commons/thumb/b/be/Xyrichtys_martinicensis.jpg/120px-Xyrichtys_martinicensis.jpg,No,Yes
Roughtail stingray,Bathytoshia centroura,https://upload.wikimedia.org/wikipedia/commons/thumb/4/4e/Roughtail_stingray_tenerife.jpg/120px-Roughtail_stingray_tenerife.jpg,No,Yes
Round sardinella,Sardinella aurita,https://upload.wikimedia.org/wikipedia/commons/thumb/1/12/Sardinella_aurita.jpg/120px-Sardinella_aurita.jpg,No,Yes
Round scad,Decapterus punctatus,https://upload.wikimedia.org/wikipedia/commons/thumb/3/37/Decapterus_punctatus.jpg/120px-Decapterus_punctatus.jpg,No,Yes
Roundel skate,Rostroraja texana,https://upload.wikimedia.org/wikipedia/commons/thumb/9/93/Fish4419_-_Flickr_-_NOAA_Photo_Library.jpg/120px-Fish4419_-_Flickr_-_NOAA_Photo_Library.jpg,No,Yes
Royal gramma,Gramma loreto,https://upload.wikimedia.org/wikipedia/commons/thumb/c/cf/Gramma_loreto%2C_Adult_%28Royal_Gramma%29.jpg/120px-Gramma_loreto%2C_Adult_%28Royal_Gramma%29.jpg,No,Yes
Saddled moray eel,Gymnothorax conspersus,https://upload.wikimedia.org/wikipedia/commons/thumb/a/aa/Gymnothorax_conspersus_-_pone.0010676.g006.png/120px-Gymnothorax_conspersus_-_pone.0010676.g006.png,No,Yes
Sailfin flyingfish,Parexocoetus brachypterus,https://upload.wikimedia.org/wikipedia/commons/thumb/7/72/Sailfin_flyingfish.jpg/120px-Sailfin_flyingfish.jpg,No,Yes
Sailfin molly,Poecilia latipinna,https://upload.wikimedia.org/wikipedia/commons/thumb/1/16/Poecilia_latipinna.jpg/120px-Poecilia_latipinna.jpg,Yes,No
Sailor's choice grunt,Haemulon parra,https://upload.wikimedia.org/wikipedia/commons/thumb/8/86/Sailors_choice_Haemulon_parra_%282414290628%29.jpg/120px-Sailors_choice_Haemulon_parra_%282414290628%29.jpg,No,Yes
Salvin's cichlid,Trichromis salvini,https://upload.wikimedia.org/wikipedia/commons/thumb/2/2a/Salvini4a.jpg/120px-Salvini4a.jpg,Yes,No
Sandbar shark,Carcharhinus plumbeus,https://upload.wikimedia.org/wikipedia/commons/thumb/6/6e/Carcharhinus_plumbeus_georgia.jpg/120px-Carcharhinus_plumbeus_georgia.jpg,No,Yes
Sand drum,Umbrina coroides,https://upload.wikimedia.org/wikipedia/commons/thumb/2/20/Histoire_naturelle_des_poissons_%28Pl._117%29_%287950010820%29.jpg/120px-Histoire_naturelle_des_poissons_%28Pl._117%29_%287950010820%29.jpg,No,Yes
Sand perch,Parapercis hexophtalma,https://upload.wikimedia.org/wikipedia/commons/thumb/5/53/Parapercis_hexophtalma_1.jpg/120px-Parapercis_hexophtalma_1.jpg,No,Yes
Sand tiger shark,Carcharias taurus,https://upload.wikimedia.org/wikipedia/commons/thumb/9/9a/Carcharias_taurus_SI.jpg/120px-Carcharias_taurus_SI.jpg,No,Yes
Sand seatrout,Cynoscion arenarius,https://upload.wikimedia.org/wikipedia/commons/thumb/d/d9/Cynoscion_arenarius.jpg/120px-Cynoscion_arenarius.jpg,No,Yes
Sargassum triggerfish,Xanthichthys ringens,https://upload.wikimedia.org/wikipedia/commons/thumb/c/cb/Xanthichthys_ringens_-_pone.0010676.g191.png/120px-Xanthichthys_ringens_-_pone.0010676.g191.png,No,Yes
Saucereye porgy,Calamus calamus,https://upload.wikimedia.org/wikipedia/commons/thumb/4/4a/Calamus_calamus.jpg/120px-Calamus_calamus.jpg,No,Yes
Scaled sardine,Harengula jaguana,https://upload.wikimedia.org/wikipedia/commons/thumb/b/b4/Harengula_jaguana.jpg/120px-Harengula_jaguana.jpg,No,Yes
Scalloped hammerhead,Sphyrna lewini,https://upload.wikimedia.org/wikipedia/commons/thumb/e/ee/Scalloped_hammerhead_cocos.jpg/120px-Scalloped_hammerhead_cocos.jpg,No,Yes
Scamp grouper,Mycteroperca phenax,https://upload.wikimedia.org/wikipedia/commons/thumb/2/2f/Mycteroperca_phenax.jpg/120px-Mycteroperca_phenax.jpg,No,Yes
Schoolmaster snapper,Lutjanus apodus,https://upload.wikimedia.org/wikipedia/commons/thumb/e/e8/Lutjanus.JPG/120px-Lutjanus.JPG,No,Yes
Scrawled cowfish,Acanthostracion quadricornis,https://upload.wikimedia.org/wikipedia/commons/thumb/e/eb/Acanthostracion_quadricornis_-_Mounted_specimen_from_Oxford_University_Museum_of_Natural_History.JPG/120px-Acanthostracion_quadricornis_-_Mounted_specimen_from_Oxford_University_Museum_of_Natural_History.JPG,No,Yes
Sea lamprey,Petromyzon marinus,https://upload.wikimedia.org/wikipedia/commons/thumb/8/87/Petromyzon_marinus2.jpg/120px-Petromyzon_marinus2.jpg,Yes,Yes
Sergeant major,Abudefduf saxatilis,https://upload.wikimedia.org/wikipedia/commons/thumb/9/99/Abudefduf_saxatilis.jpg/120px-Abudefduf_saxatilis.jpg,No,Yes
Serra Spanish mackerel,Scomberomorus brasiliensis,https://upload.wikimedia.org/wikipedia/commons/thumb/0/00/Scbra_u0.gif/120px-Scbra_u0.gif,No,Yes
Sharktooth moray eel,Gymnothorax maderensis,https://upload.wikimedia.org/wikipedia/commons/thumb/b/b6/Gymnothorax_maderensis_-_pone.0010676.g007.png/120px-Gymnothorax_maderensis_-_pone.0010676.g007.png,No,Yes
Sharpnose sevengill shark,Heptranchias perlo,https://upload.wikimedia.org/wikipedia/commons/thumb/a/a7/Heptranchias_perlo.jpg/120px-Heptranchias_perlo.jpg,No,Yes
Sheepshead,Archosargus probatocephalus,https://upload.wikimedia.org/wikipedia/commons/thumb/6/6d/Archosargus_probatocephalus_4zz.jpg/120px-Archosargus_probatocephalus_4zz.jpg,No,Yes
Sheepshead minnow,Cyprinodon variegatus variegatus,https://upload.wikimedia.org/wikipedia/commons/thumb/6/64/Cyprinodon_variegatus_variegatus.jpg/120px-Cyprinodon_variegatus_variegatus.jpg,Yes,Yes
Shoal bass,Micropterus cataractae,https://upload.wikimedia.org/wikipedia/commons/thumb/8/84/Shoal_Bass_%28Micropterus_Cataractae%29_Flint_River%2C_GA.png/120px-Shoal_Bass_%28Micropterus_Cataractae%29_Flint_River%2C_GA.png,Yes,No
Shortfin mako shark,Isurus oxyrinchus,https://upload.wikimedia.org/wikipedia/commons/thumb/2/2f/Isurus_oxyrinchus_by_mark_conlin2.JPG/120px-Isurus_oxyrinchus_by_mark_conlin2.JPG,No,Yes
Shortnose gar,Lepisosteus platostomus,https://upload.wikimedia.org/wikipedia/commons/thumb/e/e0/Lepisosteus_platostomus_drawing.jpg/120px-Lepisosteus_platostomus_drawing.jpg,Yes,No
Shy hamlet,Hypoplectrus guttavarius,https://upload.wikimedia.org/wikipedia/commons/thumb/1/1f/Shy_Hamlet.jpg/120px-Shy_Hamlet.jpg,No,Yes
Siamese fighting fish,Betta splendens,https://upload.wikimedia.org/wikipedia/commons/thumb/1/10/HM_Orange_M_Sarawut.jpg/120px-HM_Orange_M_Sarawut.jpg,Yes,No
Silk snapper,Lutjanus vivanus,https://upload.wikimedia.org/wikipedia/commons/thumb/4/45/Lutjanus_vivanus_-_pone.0010676.g085.png/120px-Lutjanus_vivanus_-_pone.0010676.g085.png,No,Yes
Silky shark,Carcharhinus falciformis,https://upload.wikimedia.org/wikipedia/commons/thumb/9/9f/Carcharhinus_falciformis_off_Cuba.jpg/120px-Carcharhinus_falciformis_off_Cuba.jpg,No,Yes
Silver arowana,Osteoglossum bicirrhosum,https://upload.wikimedia.org/wikipedia/commons/thumb/b/bf/Osteoglossum_bicirrhosum.JPG/120px-Osteoglossum_bicirrhosum.JPG,Yes,No
Silver carp,Hypophthalmichthys molitrix,https://upload.wikimedia.org/wikipedia/commons/thumb/9/9f/Hypophthalmichthys_molitrix_Hungary.jpg/120px-Hypophthalmichthys_molitrix_Hungary.jpg,Yes,No
Silver mullet,Mugil curema,https://upload.wikimedia.org/wikipedia/commons/thumb/6/63/White_mullet_%28Mugil_curema%29.jpg/120px-White_mullet_%28Mugil_curema%29.jpg,No,Yes
Skipjack shad,Alosa chrysochloris,https://upload.wikimedia.org/wikipedia/commons/thumb/9/98/Skipjack_herring_fish_alosa_chrysochloris.jpg/120px-Skipjack_herring_fish_alosa_chrysochloris.jpg,Yes,Yes
Skipjack tuna,Katsuwonus pelamis,https://upload.wikimedia.org/wikipedia/commons/thumb/d/d9/Katsuwonus_pelamis.png/120px-Katsuwonus_pelamis.png,No,Yes
Slender seahorse,Hippocampus reidi,https://upload.wikimedia.org/wikipedia/commons/thumb/b/b8/Hippocampus_reidi%2C_pareja.jpg/120px-Hippocampus_reidi%2C_pareja.jpg,No,Yes
Slippery dick,Halichoeres bivittatus,https://upload.wikimedia.org/wikipedia/commons/thumb/6/6e/Slippery_Dick_Wrasse_-_Halichoeres_bivittatus.jpg/120px-Slippery_Dick_Wrasse_-_Halichoeres_bivittatus.jpg,No,Yes
Small-scaled pacu,Piaractus mesopotamicus,https://upload.wikimedia.org/wikipedia/commons/thumb/3/33/Piaractus_mesopotamicus_-_Flickr_-_Dick_Culbert.jpg/120px-Piaractus_mesopotamicus_-_Flickr_-_Dick_Culbert.jpg,Yes,No
Smalltail shark,Carcharhinus porosus,https://upload.wikimedia.org/wikipedia/commons/thumb/d/d9/Smalltail_shark_nmfs.jpg/120px-Smalltail_shark_nmfs.jpg,No,Yes
Smalltooth sawfish,Pristis pristis,https://upload.wikimedia.org/wikipedia/commons/thumb/6/6c/Pristis_pristis_-_Georgia_Aquarium_Jan_2006.jpg/120px-Pristis_pristis_-_Georgia_Aquarium_Jan_2006.jpg,No,Yes
Smooth butterfly ray,Gymnura micrura,https://upload.wikimedia.org/wikipedia/commons/thumb/9/9d/Gymnura_micrura_.jpg/120px-Gymnura_micrura_.jpg,No,Yes
Smooth dogfish,Mustelus canis,https://upload.wikimedia.org/wikipedia/commons/thumb/0/06/Mustelus_canis_noaa.jpg/120px-Mustelus_canis_noaa.jpg,No,Yes
Smooth hammerhead,Sphyrna zygaena,https://upload.wikimedia.org/wikipedia/commons/thumb/c/c0/Sphyrna_zygaena_noaa.jpg/120px-Sphyrna_zygaena_noaa.jpg,No,Yes
Smooth puffer,Lagocephalus laevigatus,https://upload.wikimedia.org/wikipedia/commons/thumb/a/ad/FMIB_38090_Lagocephalus_laevigatus_%28Linnaeus%29_Smooth_Puffer%3B_%27Tamboril%27%3B_%27Conejo%27.jpeg/120px-FMIB_38090_Lagocephalus_laevigatus_%28Linnaeus%29_Smooth_Puffer%3B_%27Tamboril%27%3B_%27Conejo%27.jpeg,No,Yes
Smooth trunkfish,Lactophrys triqueter,https://upload.wikimedia.org/wikipedia/commons/thumb/d/df/Lactophrys_triqueter.jpg/120px-Lactophrys_triqueter.jpg,No,Yes
Snook,Centropomus undecimalis,https://upload.wikimedia.org/wikipedia/commons/thumb/6/60/Centropomus_undecimalis1.jpg/120px-Centropomus_undecimalis1.jpg,No,Yes
Snowy grouper,Hyporthodus niveatus,https://upload.wikimedia.org/wikipedia/commons/thumb/5/5e/Snowy_grouper_%28Epinephelus_niveatus%29.jpg/120px-Snowy_grouper_%28Epinephelus_niveatus%29.jpg,No,Yes
Southern kingfish,Menticirrhus americanus,https://upload.wikimedia.org/wikipedia/commons/thumb/c/c2/Menticirrhus_americanus.jpg/120px-Menticirrhus_americanus.jpg,No,Yes
Southern platyfish,Xiphophorus maculatus,https://upload.wikimedia.org/wikipedia/commons/thumb/e/e6/Rainbow_wag_platy.jpg/120px-Rainbow_wag_platy.jpg,Yes,No
Southern puffer,Sphoeroides nephelus,https://upload.wikimedia.org/wikipedia/commons/thumb/8/82/Sphoeroides_nephelus_%28southern_pufferfish%29_%28Tampa_Bay%2C_Florida%2C_USA%29_2.jpg/120px-Sphoeroides_nephelus_%28southern_pufferfish%29_%28Tampa_Bay%2C_Florida%2C_USA%29_2.jpg,No,Yes
Southern stingray,Hypanus americanus,https://upload.wikimedia.org/wikipedia/commons/thumb/2/29/Dasyatis_americana_SI.jpg/120px-Dasyatis_americana_SI.jpg,Yes,Yes
Spanish hogfish,Bodianus rufus,https://upload.wikimedia.org/wikipedia/commons/thumb/6/65/Bodianus_rufus%2C_Adult_%28Spanish_Hogfish%29.jpg/120px-Bodianus_rufus%2C_Adult_%28Spanish_Hogfish%29.jpg,No,Yes
Speckled hind,Epinephelus (or Hyporthodus) drummondhayi,https://upload.wikimedia.org/wikipedia/commons/thumb/b/bc/Epinephelus_drummondhayi.jpg/120px-Epinephelus_drummondhayi.jpg,No,Yes
Speckled peacock bass,Cichla temensis,https://upload.wikimedia.org/wikipedia/commons/thumb/4/41/Cichla_temensis.jpg/120px-Cichla_temensis.jpg,Yes,No
Speckled seatrout,Cynoscion nebulosus,https://upload.wikimedia.org/wikipedia/commons/thumb/6/6c/Spotted_seatrout_fish_cynoscion_nebulosus.jpg/120px-Spotted_seatrout_fish_cynoscion_nebulosus.jpg,No,Yes
Spinner shark,Carcharhinus brevipinna,https://upload.wikimedia.org/wikipedia/commons/thumb/4/46/Carcharhinus_brevipinna_JNC3080_Body.JPG/120px-Carcharhinus_brevipinna_JNC3080_Body.JPG,No,Yes
Splendid toadfish,Sanopus splendidus,https://upload.wikimedia.org/wikipedia/commons/thumb/2/2c/Splendidtoadfish_laban.jpg/120px-Splendidtoadfish_laban.jpg,No,Yes
Spot,Leiostomus xanthurus,https://upload.wikimedia.org/wikipedia/commons/thumb/1/1f/Spot_%28_Leiostomus_xanthurus_%29.jpg/120px-Spot_%28_Leiostomus_xanthurus_%29.jpg,No,Yes
Spottail pinfish,Diplodus holbrookii,https://upload.wikimedia.org/wikipedia/commons/thumb/f/f3/Spottail_Pinfish_fishing.jpg/120px-Spottail_Pinfish_fishing.jpg,No,Yes
Spotted bass,Micropterus punctulatus,https://upload.wikimedia.org/wikipedia/commons/thumb/e/e7/Micropterus_punctulatus.jpg/120px-Micropterus_punctulatus.jpg,Yes,No
Spotted drum,Equetus punctatus,https://upload.wikimedia.org/wikipedia/commons/thumb/e/ee/Spotted-drum.png/120px-Spotted-drum.png,No,Yes
Spotted eagle ray,Aetobatus narinari,https://upload.wikimedia.org/wikipedia/commons/thumb/2/2a/Spotted_Eagle_Ray_%28Aetobatus_narinari%292.jpg/120px-Spotted_Eagle_Ray_%28Aetobatus_narinari%292.jpg,No,Yes
Spotted gar,Lepisopsteus oculatus,https://upload.wikimedia.org/wikipedia/commons/thumb/f/f7/Lepisosteus_oculatus1.jpg/120px-Lepisosteus_oculatus1.jpg,Yes,No
Spotted goatfish,Pseudupeneus maculatus,https://upload.wikimedia.org/wikipedia/commons/thumb/1/1e/Pseudupeneus_maculatus_-_pone.0010676.g098.png/120px-Pseudupeneus_maculatus_-_pone.0010676.g098.png,No,Yes
Spotted moray,Gymnothorax moringa,https://upload.wikimedia.org/wikipedia/commons/thumb/7/7f/Spotted_moray.jpg/120px-Spotted_moray.jpg,No,Yes
California scorpionfish,Scorpaena guttata,https://upload.wikimedia.org/wikipedia/commons/thumb/c/c4/Scorpaena_guttata.jpg/120px-Scorpaena_guttata.jpg,No,Yes
Spotted scorpionfish,Scorpaena plumieri,https://upload.wikimedia.org/wikipedia/commons/thumb/3/3b/Scorpaena_plumieri_in_Madagascar_Reef.jpg/120px-Scorpaena_plumieri_in_Madagascar_Reef.jpg,No,Yes
Spotted Severum,Heros notatus,https://upload.wikimedia.org/wikipedia/commons/thumb/7/79/Heros_notatus01.jpg/120px-Heros_notatus01.jpg,Yes,No
Spotted sucker,Minytrema melanops,https://upload.wikimedia.org/wikipedia/commons/thumb/b/bc/FMIB_51348_Spotted_Sucker_Minytrema_melanops.jpeg/120px-FMIB_51348_Spotted_Sucker_Minytrema_melanops.jpeg,Yes,No
Spotted sunfish,Lepomis punctatus,https://upload.wikimedia.org/wikipedia/commons/thumb/3/3b/FMIB_51023_Chinquapin_Perch.jpeg/120px-FMIB_51023_Chinquapin_Perch.jpeg,Yes,No
Spotted tilapia,Pelmatolapia mariae,https://upload.wikimedia.org/wikipedia/commons/thumb/8/87/Tilapia123.JPG/120px-Tilapia123.JPG,Yes,Yes
Spotted trunkfish,Lactophrys bicaudalis,https://upload.wikimedia.org/wikipedia/commons/thumb/f/fb/Spotted_Trunkfish.jpg/120px-Spotted_Trunkfish.jpg,No,Yes
Stoplight parrotfish,Sparisoma viride,https://upload.wikimedia.org/wikipedia/commons/thumb/f/f3/Stoplight-parrotfish.jpg/120px-Stoplight-parrotfish.jpg,No,Yes
Striped bass,Morone saxatilis,https://upload.wikimedia.org/wikipedia/commons/thumb/7/74/Morone_saxatilis_SI2.jpg/120px-Morone_saxatilis_SI2.jpg,Yes,Yes
Striped burrfish,Chilomycterus antillarum,https://upload.wikimedia.org/wikipedia/commons/thumb/9/98/Chilomycterus_antillarum_-_pone.0010676.g199.png/120px-Chilomycterus_antillarum_-_pone.0010676.g199.png,No,Yes
Striped mullet,Mugil cephalus,https://upload.wikimedia.org/wikipedia/commons/thumb/c/cc/Mucep_u0.gif/120px-Mucep_u0.gif,No,Yes
Striped parrotfish,Scarus iseri,https://upload.wikimedia.org/wikipedia/commons/thumb/9/93/Striped_parrotfish_Scarus_iserti_%284657126126%29.jpg/120px-Striped_parrotfish_Scarus_iserti_%284657126126%29.jpg,No,Yes
Stonefish,Ogcocephalus corniger,https://upload.wikimedia.org/wikipedia/commons/thumb/5/51/Ogcocephalus_corniger_SI.jpg/120px-Ogcocephalus_corniger_SI.jpg,No,Yes
Suckermouth catfish,Hypostomus plecostomus,https://upload.wikimedia.org/wikipedia/commons/thumb/c/c1/Hypostomus_plecostomus_-_Rapha%C3%ABl_Covain.png/120px-Hypostomus_plecostomus_-_Rapha%C3%ABl_Covain.png,Yes,No
Summer flounder,Paralichthys dentatus,https://upload.wikimedia.org/wikipedia/commons/thumb/0/0e/Summer_flounder_photo4.jpg/120px-Summer_flounder_photo4.jpg,No,Yes
Suwannee bass,Micropterus notius,https://upload.wikimedia.org/wikipedia/commons/thumb/4/42/Micropterus_notius.jpg/120px-Micropterus_notius.jpg,Yes,No
Swamp darter,Etheostoma fusiforme,https://upload.wikimedia.org/wikipedia/commons/thumb/0/04/Etheostoma_fusiforme.jpg/120px-Etheostoma_fusiforme.jpg,Yes,Yes
Swordfish,Xiphias gladius,https://upload.wikimedia.org/wikipedia/commons/thumb/f/f6/Xiphias_gladius2.jpg/120px-Xiphias_gladius2.jpg,No,Yes
Tadpole madtom,Noturus gyrinus,https://upload.wikimedia.org/wikipedia/commons/thumb/d/dd/Tadpole_madtom.jpg/120px-Tadpole_madtom.jpg,Yes,No
Taillight shiner,Notropis maculatus,https://upload.wikimedia.org/wikipedia/commons/thumb/5/57/Notropis_maculatus.jpg/120px-Notropis_maculatus.jpg,Yes,No
Tambaqui,Colossoma macropomum,https://upload.wikimedia.org/wikipedia/commons/thumb/7/7c/Schwarzer_Pacu_Colossoma_macropomum_Tierpark_Hellabrunn-1.jpg/120px-Schwarzer_Pacu_Colossoma_macropomum_Tierpark_Hellabrunn-1.jpg,Yes,No
Threadfin shad,Dorosoma petenense,https://upload.wikimedia.org/wikipedia/commons/thumb/d/d8/Dorosoma_petenense.jpeg/120px-Dorosoma_petenense.jpeg,Yes,No
Tiger grouper,Mycteroperca tigris,https://upload.wikimedia.org/wikipedia/commons/thumb/1/10/Tiger_grouper.JPG/120px-Tiger_grouper.JPG,No,Yes
Tiger shark,Galeocerdo cuvier,https://upload.wikimedia.org/wikipedia/commons/thumb/3/39/Tiger_shark.jpg/120px-Tiger_shark.jpg,No,Yes
Tiger sorubim,Pseudoplatystoma tigrinum,https://upload.wikimedia.org/wikipedia/commons/thumb/1/18/Pseudoplatystoma_tigrinum.jpg/120px-Pseudoplatystoma_tigrinum.jpg,Yes,No
Tobaccofish,Serranus tabacarius,https://upload.wikimedia.org/wikipedia/commons/thumb/e/e8/Reef1611_%289730764897%29.jpg/120px-Reef1611_%289730764897%29.jpg,No,Yes
Tomtate grunt,Haemulon aurolineatum,https://upload.wikimedia.org/wikipedia/commons/thumb/1/1f/Haemulon_aurolineatum.jpg/120px-Haemulon_aurolineatum.jpg,No,Yes
Trimac cichlid,Amphilophus trimaculatum or Cichlasoma trimaculatum,https://upload.wikimedia.org/wikipedia/commons/thumb/b/bd/Cichlidae_fish_2008_G1.jpg/120px-Cichlidae_fish_2008_G1.jpg,Yes,No
Tropical gar,Atractosteus tropicus,https://upload.wikimedia.org/wikipedia/commons/thumb/a/aa/Atractosteus_tropicus_SI2.jpg/120px-Atractosteus_tropicus_SI2.jpg,Yes,No
Tucanare peacock bass,Cichla monoculus,https://upload.wikimedia.org/wikipedia/commons/thumb/9/95/ButterflyPeacockBass_01.jpg/120px-ButterflyPeacockBass_01.jpg,Yes,No
Variatus platy,Xiphophorus variatus,https://upload.wikimedia.org/wikipedia/commons/thumb/0/0b/Xipho_variatus_maschio.jpg/120px-Xipho_variatus_maschio.jpg,Yes,No
Vermilion snapper,Rhomboplites aurorubens,https://upload.wikimedia.org/wikipedia/commons/thumb/f/fc/Vermilion_snapper.jpg/120px-Vermilion_snapper.jpg,No,Yes
Wahoo,Acanthocybium solandri,https://upload.wikimedia.org/wikipedia/commons/thumb/1/16/Acanthocybium_solandri.png/120px-Acanthocybium_solandri.png,No,Yes
Walking catfish,Clarias batrachus,https://upload.wikimedia.org/wikipedia/commons/thumb/1/15/Clarias_batrachus.jpg/120px-Clarias_batrachus.jpg,Yes,No
Wami tilapia,Oreochromis urolepis hornorum,,Yes,No
Warmouth,Lepomis gulosus,https://upload.wikimedia.org/wikipedia/commons/thumb/4/42/Chaenobryttus_gulosus.jpg/120px-Chaenobryttus_gulosus.jpg,Yes,No
Weakfish,Cynoscion regalis,https://upload.wikimedia.org/wikipedia/commons/thumb/3/30/Cynoscion_regalis_%28line_art%29.jpg/120px-Cynoscion_regalis_%28line_art%29.jpg,No,Yes
Wels catfish,Silurus glanis,https://upload.wikimedia.org/wikipedia/commons/thumb/d/d3/Silurus_glanis_02.jpg/120px-Silurus_glanis_02.jpg,Yes,No
Whale shark,Rhincodon typus,https://upload.wikimedia.org/wikipedia/commons/thumb/f/f1/Whale_shark_Georgia_aquarium.jpg/120px-Whale_shark_Georgia_aquarium.jpg,No,Yes
White bass,Morone chrysops,https://upload.wikimedia.org/wikipedia/commons/thumb/c/ca/White_Bass.jpg/120px-White_Bass.jpg,Yes,No
White catfish,Ictalurus catus,https://upload.wikimedia.org/wikipedia/commons/thumb/6/6e/White_catfish.jpeg/120px-White_catfish.jpeg,Yes,No
White crappie,Pomoxis annularis,https://upload.wikimedia.org/wikipedia/commons/thumb/9/9d/White_Crappie.jpg/120px-White_Crappie.jpg,Yes,No
White grunt,Haemulon plumierii,https://upload.wikimedia.org/wikipedia/commons/thumb/5/58/White_Grunt_%285658507044%29.jpg/120px-White_Grunt_%285658507044%29.jpg,No,Yes
White marlin,Kajikia albida,https://upload.wikimedia.org/wikipedia/commons/thumb/0/0e/White_Marlin_in_North_Carolina_1394318584.jpg/120px-White_Marlin_in_North_Carolina_1394318584.jpg,No,Yes
White perch,Morone americana,https://upload.wikimedia.org/wikipedia/commons/thumb/8/85/FMIB_43157_White_Perch_%28Roccus_americanus%29.jpeg/120px-FMIB_43157_White_Perch_%28Roccus_americanus%29.jpeg,Yes,No
Whitespot moray,Muraena pavonina,https://upload.wikimedia.org/wikipedia/commons/thumb/7/75/Muraena_pavonina_SI.jpg/120px-Muraena_pavonina_SI.jpg,No,Yes
Whitespotted surgeonfish,Acanthurus guttatus,https://upload.wikimedia.org/wikipedia/commons/thumb/c/ca/Acanthurus_guttatus_SI2.jpg/120px-Acanthurus_guttatus_SI2.jpg,No,Yes
Windowpane flounder,Scophthalmus aquosus,https://upload.wikimedia.org/wikipedia/commons/thumb/f/f3/Turbot-de-sable-devant.jpg/120px-Turbot-de-sable-devant.jpg,No,Yes
Wolf cichlid,Parachromis dovii,https://upload.wikimedia.org/wikipedia/commons/thumb/3/30/Parachromis_dovii_guapote.JPG/120px-Parachromis_dovii_guapote.JPG,Yes,No
Yellow bullhead,Ameiurus natalis,https://upload.wikimedia.org/wikipedia/commons/thumb/b/b4/Ameiurus_natalis.jpg/120px-Ameiurus_natalis.jpg,Yes,No
Yellow goatfish,Mulloidichthys martinicus,https://upload.wikimedia.org/wikipedia/commons/thumb/6/64/AkaHJ.jpg/120px-AkaHJ.jpg,No,Yes
Yellow jack,Carangoides bartholomaei,https://upload.wikimedia.org/wikipedia/commons/thumb/c/c6/Yellow_jack%2C_florida.jpg/120px-Yellow_jack%2C_florida.jpg,No,Yes
Yellow perch,Perca flavescens,https://upload.wikimedia.org/wikipedia/commons/thumb/7/7f/YellowPerch.jpg/120px-YellowPerch.jpg,Yes,No
Yellow stingray,Urobatis jamaicensis,https://upload.wikimedia.org/wikipedia/commons/thumb/5/53/Yellow_Stingray%2C_Belize%2C_2007-09.jpg/120px-Yellow_Stingray%2C_Belize%2C_2007-09.jpg,No,Yes
Yellow tang,Zebrasoma flavescens,https://upload.wikimedia.org/wikipedia/commons/thumb/5/5e/Zebrasoma_flavescens_Luc_Viatour.jpg/120px-Zebrasoma_flavescens_Luc_Viatour.jpg,No,Yes
Yellowedge grouper,Hyporthodus flavolimbatus,https://upload.wikimedia.org/wikipedia/commons/thumb/7/7a/Epinephelus_flavolimbatus.jpg/120px-Epinephelus_flavolimbatus.jpg,No,Yes
Yellowfin goby,Acanthogobius flavimanus,https://upload.wikimedia.org/wikipedia/commons/thumb/1/1d/Acanthogobius_flavimanus.jpeg/120px-Acanthogobius_flavimanus.jpeg,No,Yes
Yellowfin grouper,Mycteroperca venenosa,https://upload.wikimedia.org/wikipedia/commons/thumb/e/e3/Mycteroperca_venenosa.jpg/120px-Mycteroperca_venenosa.jpg,No,Yes
Yellowfin mojarra,Gerres cinereus,https://upload.wikimedia.org/wikipedia/commons/thumb/e/ef/Yellowfin_mojarra_Gerres_cinereus_%284657649975%29.jpg/120px-Yellowfin_mojarra_Gerres_cinereus_%284657649975%29.jpg,No,Yes
Yellowfin tuna,Thunnus albacares,https://upload.wikimedia.org/wikipedia/commons/thumb/c/c3/Thunnus_albacares.png/120px-Thunnus_albacares.png,No,Yes
Yellowhead wrasse,Halichoeres garnoti,https://upload.wikimedia.org/wikipedia/commons/thumb/2/25/Reef1538_-_Flickr_-_NOAA_Photo_Library.jpg/120px-Reef1538_-_Flickr_-_NOAA_Photo_Library.jpg,No,Yes
Yellowmouth grouper,Mycteroperca interstitialis,https://upload.wikimedia.org/wikipedia/commons/thumb/8/81/Mycteroperca_interstitialis_-_pone.0010676.g054.png/120px-Mycteroperca_interstitialis_-_pone.0010676.g054.png,No,Yes
Yellowtail damselfish,Microspathodon chrysurus,https://upload.wikimedia.org/wikipedia/commons/thumb/b/b0/Microspathodon_chrysurus.jpg/120px-Microspathodon_chrysurus.jpg,No,Yes
Yellowtail parrotfish,Sparisoma rubripinne,https://upload.wikimedia.org/wikipedia/commons/thumb/3/3b/Yellowtail_parrotfish_Sparisoma_rubripinne_%282443201744%29.jpg/120px-Yellowtail_parrotfish_Sparisoma_rubripinne_%282443201744%29.jpg,No,Yes
Yellowtail snapper,Ocyurus chrysurus,https://upload.wikimedia.org/wikipedia/commons/thumb/f/fe/Yellowtail_snapper_seen_from_Underwater_Tunnel_Atlantis.jpg/120px-Yellowtail_snapper_seen_from_Underwater_Tunnel_Atlantis.jpg,No,Yes
Zebra tilapia,Heterotilapia buttikoferi,https://upload.wikimedia.org/wikipedia/commons/thumb/c/c1/Cichlidae_-_Heterotilapia_buttikoferi.JPG/120px-Cichlidae_-_Heterotilapia_buttikoferi.JPG,Yes,No
Goldspotted Killifish,Floridichthys carpio,https://upload.wikimedia.org/wikipedia/commons/thumb/f/f1/Floridichthys_carpio.jpg/120px-Floridichthys_carpio.jpg,No,Yes